domain,condition,conversation_id,technicality_mean,technicality_std,technicality_range,mean_abs_delta,flip_rate,oscillation_index,gain_mean,gain_pos_rate
photoshop,anchored,photoshop_anchored_000,-0.5093466718774915,0.6801271564234056,2.1106395159614344,0.6983969045944072,0.6,1.1174350473510515,-0.5659325887792443,0.16666666666666666
photoshop,anchored,photoshop_anchored_001,0.5021100103371818,0.6078023319807099,1.850597843769504,0.4832569897068013,0.4,0.6765597855895218,0.259939940518993,0.3333333333333333
photoshop,anchored,photoshop_anchored_002,-4.9526190947261854,0.5377939748317039,1.7219418770219783,0.5245477960875543,0.8,0.9441860329575977,0.41359558907607324,0.6666666666666666
photoshop,anchored,photoshop_anchored_003,-1.2700114727382523,0.20863955293447994,0.7088113334268934,0.23996316039773058,0.6,0.38394105663636896,-0.055684978201032076,0.3333333333333333
photoshop,anchored,photoshop_anchored_004,-1.0314400889164392,0.42126688379366606,1.3167360353964752,0.6231800279663154,1.0,1.2463600559326309,0.12393342144096686,0.3333333333333333
photoshop,anchored,photoshop_anchored_005,0.17893217576820422,0.49315164989830423,1.5353428359251455,0.5065936112147255,0.4,0.7092310557006156,-0.1938251399103169,0.3333333333333333
photoshop,anchored,photoshop_anchored_006,2.4524836835814305,0.9146722619236305,2.631298353539218,0.46227063689960796,0.6,0.7396330190393727,0.03167325348125436,0.3333333333333333
photoshop,anchored,photoshop_anchored_007,0.5988885465311783,0.3512743394417929,1.043738887993873,0.1976692564789965,0.2,0.23720310777479578,-0.12231488963746683,0.3333333333333333
photoshop,anchored,photoshop_anchored_008,-3.699796704508895,1.2662785150720919,3.783687648568646,0.7595435406673773,0.8,1.3671783732012792,0.4278445096270879,0.16666666666666666
photoshop,anchored,photoshop_anchored_009,2.103347145909371,0.5834501458550715,1.8876091125731582,0.49189567046472665,0.8,0.885412206836508,0.06832169409706974,0.16666666666666666
photoshop,anchored,photoshop_anchored_010,0.3322173645801064,0.508626631799503,1.6431932153128452,0.3197791952150404,0.2,0.38373503425804845,-0.27108732398016727,0.3333333333333333
photoshop,anchored,photoshop_anchored_011,-1.132062923594897,0.2827678669941471,0.9271141537973362,0.3003978270551247,0.8,0.5407160886992245,-0.2424395940580836,0.16666666666666666
photoshop,anchored,photoshop_anchored_012,1.7265061213829473,0.5517814015968445,1.6228760184109206,0.3858298275516667,0.8,0.6944936895930002,-0.2956070710606131,0.5
photoshop,anchored,photoshop_anchored_013,-4.039277174417372,1.1903580032199432,3.6289331001764933,0.7719711478985097,0.8,1.3895480662173176,0.04568736781005511,0.16666666666666666
photoshop,anchored,photoshop_anchored_014,0.1971732854894621,0.6023589675867957,1.3689098932304162,0.3532549248424119,0.8,0.6358588647163415,-0.26780637869308416,0.3333333333333333
photoshop,anchored,photoshop_anchored_015,0.06529867140288163,0.41650242683576144,1.1897068165302005,0.38824747025881434,0.6,0.621195952414103,-0.22071162418405246,0.16666666666666666
photoshop,anchored,photoshop_anchored_016,-2.014292999637532,0.17432513415468914,0.45343751896577933,0.26388544237553896,1.0,0.5277708847510779,-0.26388544237553896,0.0
photoshop,anchored,photoshop_anchored_017,-5.713389990366237,0.515587088599428,1.7007460073730085,0.36996774939441623,0.6,0.591948399031066,-0.16944118112254167,0.3333333333333333
photoshop,anchored,photoshop_anchored_018,-2.784001105815825,0.9915400496712661,2.9660584549892883,0.6372111618072682,0.6,1.0195378588916293,0.3733836611915586,0.3333333333333333
photoshop,anchored,photoshop_anchored_019,-3.02369090514506,0.5696678737521478,1.6578052552415388,0.34956406481454755,0.6,0.559302503703276,-0.01896870826548865,0.3333333333333333
photoshop,anchored,photoshop_anchored_020,-0.9353821151199558,0.6415917030200997,2.0174835125744517,0.513251318599618,0.6,0.8212021097593889,0.3388070540763281,0.8333333333333334
photoshop,anchored,photoshop_anchored_021,2.0901495117479025,0.4210720237265942,1.3910019296842118,0.34544535172348684,0.6,0.552712562757579,0.20369524167695233,0.5
photoshop,anchored,photoshop_anchored_022,-3.420896645811623,0.20675945831940637,0.6268426884794485,0.270196889025587,0.8,0.4863544002460566,-0.1280604984792295,0.16666666666666666
photoshop,anchored,photoshop_anchored_023,-0.9945102005844844,0.6820875108415957,1.985043640344207,0.7618137485236538,1.0,1.5236274970473076,0.7618137485236538,1.0
photoshop,anchored,photoshop_anchored_024,-1.6009150922507358,0.2702797331228811,0.6529166217631888,0.14735122052858127,0.8,0.2652321969514463,-0.04185025173947269,0.3333333333333333
photoshop,anchored,photoshop_anchored_025,-4.889375859741375,1.0100896008966076,2.463647969780566,0.5379258548299114,0.8,0.9682665386938405,-0.5123945998775308,0.16666666666666666
photoshop,anchored,photoshop_anchored_026,0.016959903090914313,0.16474673968404385,0.40580545443132665,0.2333512170853149,0.6,0.37336194733650385,0.10112155875268851,0.6666666666666666
photoshop,anchored,photoshop_anchored_027,0.05014080454449583,0.8827536894557867,2.8425602977457745,0.6923649864602318,0.8,1.2462569756284172,0.18283441709483814,0.16666666666666666
photoshop,anchored,photoshop_anchored_028,-4.277416470748615,0.709230639012211,1.8303030057827545,0.430800885189345,0.8,0.7754415933408211,-0.3899382047299113,0.16666666666666666
photoshop,anchored,photoshop_anchored_029,-4.88606744301842,1.0769364725331356,3.1941066401778118,0.5911607282208965,0.8,1.0640893107976137,0.39030852646337094,0.16666666666666666
photoshop,anchored,photoshop_anchored_030,-0.7045562264184576,1.1339613406859184,2.988166593417464,0.6077244109731038,0.4,0.8508141753623453,-0.031045125415122683,0.3333333333333333
photoshop,anchored,photoshop_anchored_031,-2.5131493391520414,0.31126705207714284,0.8528545299801675,0.2495660158942327,0.8,0.44921882860961887,-0.0792576941414737,0.5
photoshop,anchored,photoshop_anchored_032,-4.48440480884086,1.6389587894219078,4.637534503958524,1.3037627052137837,0.6,2.086020328342054,-0.9459835506265226,0.3333333333333333
photoshop,anchored,photoshop_anchored_033,0.8789522168566772,0.28133530709883037,0.8655716230738132,0.3104701358111105,0.4,0.4346581901355547,-0.06349563301258497,0.5
photoshop,anchored,photoshop_anchored_034,-1.2751740293440024,1.2411923154463236,3.189140676329073,0.6772177327009787,0.6,1.083548372321566,-0.5023412752185354,0.3333333333333333
photoshop,anchored,photoshop_anchored_035,-1.2584198306565058,0.37050861697333737,1.2788976981120672,0.4955282243256461,0.8,0.891950803786163,-0.42558828774031215,0.16666666666666666
photoshop,anchored,photoshop_anchored_036,-4.962552137751187,0.5614570822020891,2.050692801102406,0.5603495986580406,0.8,1.008629277584473,0.5054131386042109,0.6666666666666666
photoshop,anchored,photoshop_anchored_037,-2.343910848050027,0.1271279545378358,0.356403741355952,0.19799562672606,0.6,0.31679300276169603,0.13240268191991356,0.6666666666666666
photoshop,anchored,photoshop_anchored_038,-0.5168677328017136,0.7652955846595273,2.4183976696285203,0.6261011550057684,0.4,0.8765416170080756,-0.38745997662468384,0.3333333333333333
photoshop,anchored,photoshop_anchored_039,-0.1972673309518816,0.48144839485156093,1.5059876183855527,0.5949308013678142,0.8,1.0708754424620655,-0.16907669991091487,0.6666666666666666
photoshop,consistent_basic,photoshop_consistent_basic_000,3.130060767075123,1.981581301096137,6.603027207981059,1.647495387583213,0.4,2.306493542616498,0.5634624956307372,0.3333333333333333
photoshop,consistent_basic,photoshop_consistent_basic_001,1.2272447756563476,0.9787749730984412,2.832754217449092,0.756586951538759,1.0,1.513173903077518,-0.2001962899812344,0.3333333333333333
photoshop,consistent_basic,photoshop_consistent_basic_002,1.9791132324626504,1.149388121499264,3.3920884343457933,0.7601512136383352,0.8,1.3682721845490033,0.38692126781648567,0.5
photoshop,consistent_basic,photoshop_consistent_basic_003,-0.5983696128466038,1.963780154891154,5.983398029700844,1.0021589697817286,0.2,1.2025907637380742,0.9923070401185528,0.8333333333333334
photoshop,consistent_basic,photoshop_consistent_basic_004,-3.517970359973343,2.0508118508992816,6.031239208361894,1.048320341754805,0.4,1.467648478456727,0.9620927276991594,0.6666666666666666
photoshop,consistent_basic,photoshop_consistent_basic_005,2.7690763625551775,0.42298119377681015,1.1901246840876514,0.3417880844684717,0.6,0.5468609351495547,-0.08396588560060166,0.5
photoshop,consistent_basic,photoshop_consistent_basic_006,-1.6101869308423262,0.3262445248308959,0.9794934436491248,0.21589236146111693,0.6,0.3454277783377871,0.16324890727485414,0.6666666666666666
photoshop,consistent_basic,photoshop_consistent_basic_007,-4.04419491748532,3.7813335931145726,9.193334896697557,1.5703350687424464,0.8,2.8266031237364038,1.4941098968234063,0.3333333333333333
photoshop,consistent_basic,photoshop_consistent_basic_008,-0.9803958874190196,0.7386499605621946,2.505898136866711,0.7781347644659927,0.6,1.2450156231455884,0.05716461448957769,0.16666666666666666
photoshop,consistent_basic,photoshop_consistent_basic_009,0.16772171363601826,0.7427963966426266,2.137908849948321,0.8507864355177869,0.4,1.1911010097249015,0.2640306939622497,0.8333333333333334
photoshop,consistent_basic,photoshop_consistent_basic_010,0.49989237067533004,2.533785984537062,9.23623298836559,1.6340070046801174,0.4,2.2876098065521644,1.5393721647275982,0.8333333333333334
photoshop,consistent_basic,photoshop_consistent_basic_011,-1.0242189646472801,2.172528501529638,6.906683487246401,1.152427425961711,0.6,1.843883881538738,1.1511139145410667,0.6666666666666666
photoshop,consistent_basic,photoshop_consistent_basic_012,-3.8386224368324164,3.7397290924521513,11.567201292910514,1.9278668821517524,0.6,3.084587011442804,1.9278668821517524,0.6666666666666666
photoshop,consistent_basic,photoshop_consistent_basic_013,0.26055581231967645,1.5329921387490293,4.387042393267601,0.7311737322112668,0.2,0.8774084786535201,0.7311737322112668,0.3333333333333333
photoshop,consistent_basic,photoshop_consistent_basic_014,1.0409627013900424,0.66012726371347,1.9712581632693258,0.4905846096433734,0.4,0.6868184535007228,0.32854302721155426,0.8333333333333334
photoshop,consistent_basic,photoshop_consistent_basic_015,-2.058638453319883,1.7840614851991483,5.356936913002006,1.0405603125143181,0.6,1.664896500022909,0.8928228188336674,0.6666666666666666
photoshop,consistent_basic,photoshop_consistent_basic_016,0.1939568437886665,0.5926126444307073,1.5536578383195327,0.48341700721987596,0.8,0.8701506129957768,0.2589429730532555,0.6666666666666666
photoshop,consistent_basic,photoshop_consistent_basic_017,-0.6530893535050636,2.6113221342828825,7.920365866963378,1.3200609778272296,0.0,1.3200609778272296,1.3200609778272296,1.0
photoshop,consistent_basic,photoshop_consistent_basic_018,1.9480979432342025,0.19468908818821695,0.5348679024419067,0.2541692644017961,0.6,0.4066708230428738,0.041480926918778284,0.6666666666666666
photoshop,consistent_basic,photoshop_consistent_basic_019,0.6373402559642968,1.9511750678668367,5.955180848974084,1.1132542236803846,0.2,1.3359050684164615,0.8718060593109772,0.6666666666666666
photoshop,consistent_basic,photoshop_consistent_basic_020,-5.013452470835973,1.286358972154239,3.8158622455369002,0.6859792785627677,0.6,1.0975668457004284,0.6359770409228167,0.6666666666666666
photoshop,consistent_basic,photoshop_consistent_basic_021,-6.188638829916696,1.3791986031716994,4.46115295202399,0.8097393449467035,0.8,1.4575308209040663,0.7435254920039983,0.5
photoshop,consistent_basic,photoshop_consistent_basic_022,1.640028113607047,1.5782866473865917,3.9620019540282283,0.8823764450583305,1.0,1.764752890116661,0.5496752180597824,0.5
photoshop,consistent_basic,photoshop_consistent_basic_023,4.099068386853174,1.9307197034768395,5.949999568232448,1.9437242529697762,0.8,3.4987036553455972,-0.991666594705408,0.3333333333333333
photoshop,consistent_basic,photoshop_consistent_basic_024,1.7112082496764918,0.3678649964494613,1.1552709792254259,0.27641909972633566,0.6,0.44227055956213707,-0.10867122668213958,0.16666666666666666
photoshop,consistent_basic,photoshop_consistent_basic_025,-0.28097329645342833,1.5416871539676889,4.615879493831962,0.7693132489719937,0.6,1.23090119835519,0.7693132489719937,0.6666666666666666
photoshop,consistent_basic,photoshop_consistent_basic_026,-1.737698758617208,1.2761300326279774,3.7372074631195047,0.6875555297566315,0.4,0.962577741659284,0.6228679105199174,0.8333333333333334
photoshop,consistent_basic,photoshop_consistent_basic_027,0.907321723180293,0.39602603910219814,1.358444312437313,0.4385716128802268,0.6,0.7017145806083629,0.10018536535797684,0.6666666666666666
photoshop,consistent_basic,photoshop_consistent_basic_028,-0.21059241438675627,0.4803286909008863,1.4312338906322482,0.3403412632732274,0.6,0.5445460212371639,0.2385389817720414,0.6666666666666666
photoshop,consistent_basic,photoshop_consistent_basic_029,0.5936533688320653,0.18027556501615835,0.5860832106122678,0.20111446887098183,0.8,0.3620060439677673,-0.007515406920327446,0.5
photoshop,consistent_basic,photoshop_consistent_basic_030,-1.6109644274067312,0.8501530364475769,2.402057160442359,0.4686127347785433,0.8,0.8435029226013779,0.3710393068431285,0.5
photoshop,consistent_basic,photoshop_consistent_basic_031,-0.8997561219212477,2.270467675481652,6.570228578049652,1.1542861387463044,0.8,2.077715049743348,1.088046111829429,0.5
photoshop,consistent_basic,photoshop_consistent_basic_032,0.385552710845276,1.6275976887368515,4.625104423756239,0.7726721690960442,0.6,1.2362754705536707,0.769029305489369,0.5
photoshop,consistent_basic,photoshop_consistent_basic_033,-0.9378435814382965,1.6877376282094323,4.382379174613924,1.48323856761895,0.6,2.37318170819032,0.037139186298785244,0.5
photoshop,consistent_basic,photoshop_consistent_basic_034,-3.975934996351408,1.909972581523412,5.997783808986436,1.0527130065911734,0.4,1.4737982092276427,0.9996306348310727,0.8333333333333334
photoshop,consistent_basic,photoshop_consistent_basic_035,-3.6424123112820292,3.104728817347982,9.136933934634667,1.565291444403292,0.4,2.1914080221646084,1.5228223224391109,0.8333333333333334
photoshop,consistent_basic,photoshop_consistent_basic_036,4.1244799474459475,1.3568350703003904,3.4999314448790395,0.6842970008583991,0.8,1.2317346015451183,-0.5482202843876013,0.5
photoshop,consistent_basic,photoshop_consistent_basic_037,-3.9489011078672194,1.7818661095676602,5.243349288912218,0.9559095678456152,0.8,1.7206372221221073,0.8738915481520363,0.5
photoshop,consistent_basic,photoshop_consistent_basic_038,-1.9791087098565754,0.9074522473595896,2.501031140920867,0.4808314705032495,0.6,0.7693303528051992,-0.4168385234868112,0.16666666666666666
photoshop,consistent_basic,photoshop_consistent_basic_039,-4.2606251959479815,1.790006004721503,5.3213667560610505,1.0602119657317008,0.4,1.484296752024381,0.8818507253766908,0.6666666666666666
photoshop,consistent_technical,photoshop_consistent_technical_000,3.7051935441850454,1.4707391541156358,4.522214628801869,1.0236661079829423,0.6,1.6378657727727077,-0.5525514473832261,0.5
photoshop,consistent_technical,photoshop_consistent_technical_001,-0.7575485069898684,0.4948649951106656,1.383832045721025,0.2926549681769512,0.6,0.46824794908312195,-0.2294472046126598,0.3333333333333333
photoshop,consistent_technical,photoshop_consistent_technical_002,2.6109020522310153,0.9087890383412811,2.965929314325509,0.7557520623285185,0.6,1.2092032997256297,-0.2343694393543816,0.5
photoshop,consistent_technical,photoshop_consistent_technical_003,3.9608991205246826,0.5722595335703847,1.812969290450169,0.3837802028941027,0.2,0.4605362434729232,0.2205428939226203,0.6666666666666666
photoshop,consistent_technical,photoshop_consistent_technical_004,1.2282111732670196,1.0125528419662722,2.7420426686405794,0.7312147129430925,0.4,1.0237005981203293,-0.1827995099371007,0.6666666666666666
photoshop,consistent_technical,photoshop_consistent_technical_005,3.026166550506584,0.7868137709546195,1.8094473377448428,0.5115440412427575,0.8,0.9207792742369636,-0.11313305069368251,0.5
photoshop,consistent_technical,photoshop_consistent_technical_006,-0.7188528830992275,0.3828497231628022,1.224100981670205,0.49960929302626483,0.4,0.6994530102367708,0.09157563246952988,0.8333333333333334
photoshop,consistent_technical,photoshop_consistent_technical_007,1.1470824195704286,0.3147409916733856,1.0918342304100572,0.3101862745450901,0.6,0.4962980392721442,-0.13887517288757575,0.5
photoshop,consistent_technical,photoshop_consistent_technical_008,-0.9987898204130534,0.47772178256164477,1.4801151938820625,0.2676526260517914,0.6,0.42824420168286625,-0.24230965981444352,0.3333333333333333
photoshop,consistent_technical,photoshop_consistent_technical_009,2.8033207383047913,0.9858128825827729,2.789769808188008,0.4649616346980013,0.0,0.4649616346980013,0.4649616346980013,1.0
photoshop,consistent_technical,photoshop_consistent_technical_010,0.09164563972500009,2.355967256704999,7.093654539343485,1.2628728792790578,0.8,2.273171182702304,-1.1570667586053882,0.3333333333333333
photoshop,consistent_technical,photoshop_consistent_technical_011,1.3665803108447852,1.4595720685395697,5.399013485071755,1.5592265131891114,0.6,2.4947624211025783,-0.3625457445587173,0.5
photoshop,consistent_technical,photoshop_consistent_technical_012,2.0661330451189435,1.052143458331018,3.300621433173662,0.9423498482218268,0.6,1.5077597571549228,-0.34283493937028003,0.5
photoshop,consistent_technical,photoshop_consistent_technical_013,3.6507466703561584,0.55865685869662,1.673167208449379,0.5098960208479971,0.8,0.9178128375263949,-0.06435090789574027,0.6666666666666666
photoshop,consistent_technical,photoshop_consistent_technical_014,2.9161719955408896,0.432837349373315,1.4488005576269276,0.40358362881568804,0.6,0.6457338061051009,0.14272269828670625,0.6666666666666666
photoshop,consistent_technical,photoshop_consistent_technical_015,1.3120674337637936,1.1309793151269734,2.697393488727275,0.6414479879225131,0.8,1.1546063782605236,-0.28090996347762043,0.6666666666666666
photoshop,consistent_technical,photoshop_consistent_technical_016,0.8871817019456189,0.4921684027030493,1.5559042041407967,0.486409118046315,0.2,0.583690941655578,0.03222561666728394,0.3333333333333333
photoshop,consistent_technical,photoshop_consistent_technical_017,2.2450465669716437,1.2659959845853594,3.9856953879144976,1.1133251518254312,0.8,2.0039852732857764,-0.6468875029625775,0.3333333333333333
photoshop,consistent_technical,photoshop_consistent_technical_018,3.508771878962674,1.6789970108753143,4.091780355407532,0.787137537149925,1.0,1.57427507429985,0.5777613423044917,0.5
photoshop,consistent_technical,photoshop_consistent_technical_019,4.0427786936236645,0.4830190035828797,1.5612739993202114,0.5289029076877514,1.0,1.0578058153755028,-0.21705440094702996,0.5
photoshop,consistent_technical,photoshop_consistent_technical_020,-2.7912497446010365,0.7376435007028502,2.5523671100358953,0.900957331265667,0.6,1.4415317300250674,-0.08472928884382847,0.6666666666666666
photoshop,consistent_technical,photoshop_consistent_technical_021,-2.8899846304528025,0.3107138784495395,0.9180094315934277,0.2835546457330858,0.8,0.5103983623195545,0.15300157193223796,0.6666666666666666
photoshop,consistent_technical,photoshop_consistent_technical_022,3.409998794642742,0.2919095288746673,0.8430659126375604,0.3324564759713531,0.6,0.531930361554165,-0.10691287080209551,0.5
photoshop,consistent_technical,photoshop_consistent_technical_023,1.116067273451986,0.28136097605047244,0.8414381812420312,0.35292102744529497,0.8,0.635257849401531,0.09755169666384032,0.5
photoshop,consistent_technical,photoshop_consistent_technical_024,2.17849117995148,0.796813437020058,2.168946063429523,0.7187060103163555,0.8,1.2936708185694399,0.26212877413768826,0.6666666666666666
photoshop,consistent_technical,photoshop_consistent_technical_025,1.604085736650172,0.7154501713758858,2.418470733910382,0.6006430814596811,0.6,0.9610289303354899,-0.26476706454405324,0.3333333333333333
photoshop,consistent_technical,photoshop_consistent_technical_026,1.7353970775553862,0.6381500015322138,1.7408966424533645,0.5478446441392903,0.2,0.6574135729671484,-0.032454236678497915,0.16666666666666666
photoshop,consistent_technical,photoshop_consistent_technical_027,3.259709508538589,0.7497898706860551,2.5263677488370444,0.6854087589036354,0.8,1.2337357660265438,0.3295224740057503,0.5
photoshop,consistent_technical,photoshop_consistent_technical_028,2.191837050020566,0.9353751638568413,2.8588786017115773,0.5683213278982154,0.8,1.0229783902167877,0.47647976695192956,0.5
photoshop,consistent_technical,photoshop_consistent_technical_029,-0.1502585850551315,0.32267161321202037,1.048997671549753,0.3439691530787736,0.6,0.5503506449260378,-0.01632774641444044,0.3333333333333333
photoshop,consistent_technical,photoshop_consistent_technical_030,-0.9649531562426276,0.48323430823925073,1.4852123407805748,0.3571034076166784,0.6,0.5713654521866854,-0.206933235259233,0.5
photoshop,consistent_technical,photoshop_consistent_technical_031,1.8069686650030639,1.4010128177919912,3.868867128700274,0.7911234591486788,0.6,1.265797534637886,-0.557566646048107,0.3333333333333333
photoshop,consistent_technical,photoshop_consistent_technical_032,1.6717974054729952,0.7391488391089126,2.0487794027159945,0.6473090324018306,0.6,1.035694451842929,0.036826562074930846,0.6666666666666666
photoshop,consistent_technical,photoshop_consistent_technical_033,2.6235738068610006,0.7070966803561246,2.0523693270587287,0.6297328228924436,0.2,0.7556793874709323,0.05439028612713259,0.5
photoshop,consistent_technical,photoshop_consistent_technical_034,1.7720425544135576,0.6827811876181014,1.8854756554666439,0.31505837073691295,0.6,0.5040933931790608,0.314245942577774,0.6666666666666666
photoshop,consistent_technical,photoshop_consistent_technical_035,1.7546166997979793,0.9746947455079377,2.913936603252819,0.6009999810985059,0.6,0.9615999697576095,-0.4337447878085496,0.3333333333333333
photoshop,consistent_technical,photoshop_consistent_technical_036,4.622520289337695,1.2090276863471763,3.6183943279821387,1.1861801554029985,0.4,1.6606522175641978,0.6030657213303564,0.8333333333333334
photoshop,consistent_technical,photoshop_consistent_technical_037,1.1581990422155162,0.3677667198437234,1.236738241447664,0.3031514779606839,0.8,0.5456726603292311,0.12928197058926374,0.5
photoshop,consistent_technical,photoshop_consistent_technical_038,-2.3105148403350486,0.3526532890231739,1.207807262242328,0.3600342941107649,0.8,0.6480617293993768,0.16541111110371975,0.5
photoshop,consistent_technical,photoshop_consistent_technical_039,0.9991854324433719,0.39931978287219483,1.32412564685386,0.2797679554079046,0.4,0.3916751375710664,0.22068760780897667,0.6666666666666666
photoshop,oscillatory,photoshop_oscillatory_000,4.206913046174295,2.233880216942004,5.595880407156148,3.9684535859609062,1.0,7.9369071719218125,3.9684535859609062,1.0
photoshop,oscillatory,photoshop_oscillatory_001,0.9111236338906492,0.38985885169496876,1.1899462773989264,0.3604338945754688,0.8,0.6487810102358439,0.2462746980798437,0.8333333333333334
photoshop,oscillatory,photoshop_oscillatory_002,2.3839767154540636,1.2203699001099417,3.9320892654969013,1.2073667158495773,0.4,1.6903134021894082,0.38127259628643345,0.5
photoshop,oscillatory,photoshop_oscillatory_003,2.8779746532592156,1.5808748852515968,4.936266836113985,1.752627732554105,0.6,2.804204372086568,1.5920169503212482,0.6666666666666666
photoshop,oscillatory,photoshop_oscillatory_004,-0.1648176732494031,0.7648285466707768,2.408447761741929,0.9335992074938121,0.8,1.6804785734888619,0.00837795182656372,0.3333333333333333
photoshop,oscillatory,photoshop_oscillatory_005,0.9218377015692862,0.9481563739644464,2.945269132625416,1.108405678111488,0.6,1.7734490849783808,0.9078763439831494,0.8333333333333334
photoshop,oscillatory,photoshop_oscillatory_006,-1.425657519449036,0.37162902575103113,0.8903937830344636,0.4191955005038415,0.8,0.7545519009069147,0.14236308861149313,0.5
photoshop,oscillatory,photoshop_oscillatory_007,-2.177454081711677,1.7228588990925164,5.212332196147889,0.9301916675501642,0.2,1.116230001060197,0.4179161557176579,0.6666666666666666
photoshop,oscillatory,photoshop_oscillatory_008,-0.9364398454392096,0.48788991996693554,1.6525070352402467,0.4908148596548425,1.0,0.981629719309685,0.4908148596548425,1.0
photoshop,oscillatory,photoshop_oscillatory_009,0.1837034498692805,0.6880644762314256,2.434448898272841,0.8551023670718667,0.6,1.3681637873149868,0.5834771705076057,0.6666666666666666
photoshop,oscillatory,photoshop_oscillatory_010,1.1870061130477099,1.9079874872676186,5.686473745447928,1.1884504146138204,0.6,1.9015206633821127,1.043957266717223,0.6666666666666666
photoshop,oscillatory,photoshop_oscillatory_011,0.46360547804841973,1.37764761215419,4.226820486126724,0.9265098045353543,0.6,1.4824156872565668,0.7770996503302304,0.6666666666666666
photoshop,oscillatory,photoshop_oscillatory_012,2.229983542369163,0.9475651415255029,3.039875893701558,0.929783450431699,1.0,1.859566900863398,0.929783450431699,1.0
photoshop,oscillatory,photoshop_oscillatory_013,-0.5902520561551486,1.957829762102225,5.950034337624867,1.0446314254671452,0.4,1.4624839956540032,0.7901346854135011,0.3333333333333333
photoshop,oscillatory,photoshop_oscillatory_014,0.3055050255452351,0.7487936879819873,2.413589667978179,0.5879968276123462,0.6,0.940794924179754,0.3771445349636171,0.6666666666666666
photoshop,oscillatory,photoshop_oscillatory_015,1.8848705938306085,1.7724437053698352,4.744552964936588,1.3135545716511448,0.6,2.101687314641832,1.3013366090287117,0.8333333333333334
photoshop,oscillatory,photoshop_oscillatory_016,1.7107190239936172,0.37747050131412635,1.1728187649217863,0.3046245415588086,0.8,0.5483241748058555,0.2620537503890966,0.5
photoshop,oscillatory,photoshop_oscillatory_017,1.902245372655334,1.4734279502410055,4.864550110973875,1.7712557726563771,1.0,3.5425115453127543,1.7712557726563771,1.0
photoshop,oscillatory,photoshop_oscillatory_018,-0.35931225408390255,1.9426369539208954,5.2420150658320805,2.353670548561116,1.0,4.707341097122232,2.353670548561116,1.0
photoshop,oscillatory,photoshop_oscillatory_019,7.053912920026299,2.629562543773072,9.0857898174791,3.428992817198226,0.8,6.172187070956807,3.379591468124468,0.8333333333333334
photoshop,oscillatory,photoshop_oscillatory_020,-4.023378727313682,1.0704058180623586,3.9157531978926476,1.1761732799845594,1.0,2.352346559969119,1.1761732799845594,1.0
photoshop,oscillatory,photoshop_oscillatory_021,-3.148519359155546,0.3769788170124739,1.3068687935790084,0.5497091191209081,1.0,1.0994182382418163,0.5497091191209081,1.0
photoshop,oscillatory,photoshop_oscillatory_022,7.126469329131963,1.585896424828403,4.761189897400187,0.9267079477569785,0.6,1.4827327164111657,0.2537955393908315,0.6666666666666666
photoshop,oscillatory,photoshop_oscillatory_023,0.031592945550546224,0.3391585626961942,1.0211963820911163,0.5045685952512601,1.0,1.0091371905025202,0.5045685952512601,1.0
photoshop,oscillatory,photoshop_oscillatory_024,3.4293004515518364,1.1639090901353697,3.617495005619113,1.2146567798504444,0.8,2.1863822037308,0.898644900325673,0.8333333333333334
photoshop,oscillatory,photoshop_oscillatory_025,1.170937197820138,0.8756303283871721,2.923719329529701,0.7182368975999557,0.2,0.8618842771199468,0.23078948691606613,0.5
photoshop,oscillatory,photoshop_oscillatory_026,0.6952920785450735,0.4934920829721932,1.4920424362879117,0.6198357297854145,0.6,0.9917371676566632,-0.36079329387059883,0.5
photoshop,oscillatory,photoshop_oscillatory_027,0.7276483113105767,1.9242505643142545,5.899739493416007,3.006253712851985,1.0,6.01250742570397,3.006253712851985,1.0
photoshop,oscillatory,photoshop_oscillatory_028,-0.710370300549486,0.7380384645567687,2.2919610053482993,0.5797672536543212,0.6,0.9276276058469141,0.4177501660226825,0.8333333333333334
photoshop,oscillatory,photoshop_oscillatory_029,-0.5515776924436189,0.767231339576419,1.834491739545792,1.1058684857130932,0.6,1.7693895771409491,0.7412066018699627,0.8333333333333334
photoshop,oscillatory,photoshop_oscillatory_030,-1.4744044556118243,0.7172095023431267,2.280311982516895,0.8440949798999394,1.0,1.6881899597998788,0.8440949798999394,1.0
photoshop,oscillatory,photoshop_oscillatory_031,1.276499516200684,1.4212951886103704,4.311280050002721,1.1349895773142387,0.6,1.815983323702782,1.0852177954441458,0.8333333333333334
photoshop,oscillatory,photoshop_oscillatory_032,0.7311765234385673,0.9218614577634733,3.156794550494894,1.1123214921310032,0.6,1.779714387409605,1.0171828438631871,0.8333333333333334
photoshop,oscillatory,photoshop_oscillatory_033,0.34350523426905355,1.2318644031121453,3.9823467458635897,1.879494827872037,1.0,3.758989655744074,1.879494827872037,1.0
photoshop,oscillatory,photoshop_oscillatory_034,-4.169580248456382,2.049327143509822,6.46414117990013,1.8434695637650094,1.0,3.6869391275300187,1.8434695637650094,1.0
photoshop,oscillatory,photoshop_oscillatory_035,-0.21193183182854666,1.6647523701704738,5.0402934641944075,1.0874313828944435,0.6,1.7398902126311098,0.8559938054582354,0.6666666666666666
photoshop,oscillatory,photoshop_oscillatory_036,2.0441329462145617,0.5398184576840418,1.78577581008643,0.6519710183398796,0.6,1.0431536293438073,0.5983756619865456,0.8333333333333334
photoshop,oscillatory,photoshop_oscillatory_037,0.20012495023970825,0.6186449866266023,2.055346275736902,0.8883570273659679,1.0,1.7767140547319358,0.8883570273659679,1.0
photoshop,oscillatory,photoshop_oscillatory_038,-2.752553703541498,0.5305386954775857,1.6794234690600265,0.6806408925683577,0.4,0.9528972495957007,0.028790141898015358,0.5
photoshop,oscillatory,photoshop_oscillatory_039,-0.2601552279085568,0.5450709807935146,1.920457674463658,0.6946491857787453,0.6,1.1114386972459926,0.6579874477077208,0.8333333333333334
python,anchored,python_anchored_000,0.9706442094760259,1.503280019892682,4.478950288309687,0.8178685570695596,0.4,1.1450159798973834,-0.478268372350553,0.5
python,anchored,python_anchored_001,-0.9960674394889953,0.36500009305860787,1.1923782070628506,0.2881467973406476,0.4,0.4034055162769066,-0.1437635811728505,0.5
python,anchored,python_anchored_002,-1.0532182858331924,0.6551412870538161,2.023677574515572,0.4132027500033773,0.6,0.6611244000054037,0.3323621918336827,0.5
python,anchored,python_anchored_003,-2.0992863227127634,0.9869410843485101,2.9480762836731427,0.5903637311978636,0.8,1.0626547161561544,0.3288376765295111,0.16666666666666666
python,anchored,python_anchored_004,2.1210905055767832,0.32122632407856955,1.063782975738901,0.30894437178729417,0.6,0.49431099485967067,-0.14355096823884153,0.3333333333333333
python,anchored,python_anchored_005,-0.020036601670307106,0.49565990745021055,1.7501880639493321,0.44954936598861894,0.8,0.8091888587795141,0.2636517725764114,0.3333333333333333
python,anchored,python_anchored_006,1.6709434157473422,0.7549500324612862,2.0203762810966364,0.3567403887592085,0.4,0.49943654426289186,0.24473735906419977,0.6666666666666666
python,anchored,python_anchored_007,1.4485089305781234,0.3949312063475037,1.4033865401324,0.4948639009352352,0.6,0.7917822414963763,0.263931919528653,0.5
python,anchored,python_anchored_008,-0.9524754776617558,0.6942841237950865,2.12363202012516,0.5409537281733177,0.6,0.8655259650773083,0.35559376931096937,0.6666666666666666
python,anchored,python_anchored_009,-0.5249022975525086,0.8172792016886816,2.943374824970042,0.7012757071428926,0.8,1.2622962728572067,0.6128785948755983,0.3333333333333333
python,anchored,python_anchored_010,-0.8903896415512309,0.1780184327967884,0.5062171555527053,0.1571224271445891,0.8,0.2828203688602604,-0.09628898904637717,0.16666666666666666
python,anchored,python_anchored_011,4.491603367237963,1.1379798118073245,2.8866413934410176,0.920261557925297,0.8,1.6564708042655345,-0.8725895093425028,0.16666666666666666
python,anchored,python_anchored_012,-1.1339977490533368,0.30938145497238434,0.900125112920211,0.29055127382611834,0.6,0.46488203812178935,-0.10120034271474777,0.3333333333333333
python,anchored,python_anchored_013,1.273187462088646,0.843372081907504,3.1379236993741526,0.8794057483105241,0.6,1.4070491972968386,-0.30553365752258105,0.3333333333333333
python,anchored,python_anchored_014,1.0407172548822845,1.3164985337356205,3.2670678119904646,1.052668889640241,0.2,1.263202667568289,0.7922073353414074,0.6666666666666666
python,anchored,python_anchored_015,-2.083344172723496,0.7283245423888132,2.25447269308374,0.552917852525552,0.6,0.8846685640408833,0.21395418874245173,0.3333333333333333
python,anchored,python_anchored_016,-0.9404283317188781,1.099409619420047,3.374016294045063,0.670899383768233,0.8,1.2076188907828194,0.06088646919270461,0.16666666666666666
python,anchored,python_anchored_017,-0.7894872480858047,0.2799525192767563,0.8456887090046719,0.25889611640773685,1.0,0.5177922328154737,-0.25889611640773685,0.0
python,anchored,python_anchored_018,-3.454334787032597,1.8146320335787622,5.340379677564763,0.9950058369247131,0.8,1.7910105064644837,0.7556244789481624,0.16666666666666666
python,anchored,python_anchored_019,0.18785222228233506,0.4903588039042609,1.6198843859954684,0.3364773629317936,0.2,0.4037728355181523,0.10812845113975127,0.5
python,anchored,python_anchored_020,1.1667088627338347,0.6151465747792088,1.7059400614741325,0.4883216817636482,0.2,0.5859860181163778,0.0764814734183817,0.5
python,anchored,python_anchored_021,0.5338705414008799,0.8660766129806421,2.5780256131379176,0.769964661680886,0.2,0.9239575940170631,0.28012826475217045,0.6666666666666666
python,anchored,python_anchored_022,-2.872801382163146,0.25998632861843457,0.8650320806738416,0.23463791597258998,0.8,0.42234824875066196,-0.01919786107400349,0.16666666666666666
python,anchored,python_anchored_023,-0.7031630498052268,0.5363244321665086,1.922998081263204,0.5246976906402007,0.8,0.9444558431523612,-0.09556374644510483,0.16666666666666666
python,anchored,python_anchored_024,-2.06479025964105,0.39666062234627525,1.2538707919595975,0.3082358054499486,0.8,0.5548244498099075,0.1903736174782873,0.5
python,anchored,python_anchored_025,4.3569097447625555,0.7316833854373732,2.3503759418028594,0.7370639601966741,0.6,1.1793023363146786,0.35637653618268034,0.6666666666666666
python,anchored,python_anchored_026,0.20909294099819672,1.9099360425831255,5.084081520226747,1.1485814180652956,0.6,1.837730268904473,-0.7047101025476831,0.6666666666666666
python,anchored,python_anchored_027,-1.687078886947534,0.6000198119293895,2.0500233805031955,0.5484711177716103,0.6,0.8775537884345765,-0.02792429752643803,0.3333333333333333
python,anchored,python_anchored_028,-1.1678693434632714,0.4765618238870082,1.5819316251976585,0.4884798292012306,0.6,0.7815677267219691,-0.1153586072630751,0.6666666666666666
python,anchored,python_anchored_029,0.0048816898968844545,1.6262792522960727,5.059549620574183,1.0276179475397338,0.6,1.6441887160635742,0.30172366507964554,0.5
python,anchored,python_anchored_030,0.32776929919894243,0.42340070718991607,1.3427252275818684,0.2867466104977427,0.2,0.3440959325972912,0.17591954603345364,0.5
python,anchored,python_anchored_031,-0.04271180698587345,0.4483997861243482,1.5213849572240434,0.5251778556563756,0.8,0.9453201401814761,-0.38489033527684563,0.16666666666666666
python,anchored,python_anchored_032,-0.36729034855132986,0.22728590726914538,0.7303301190606026,0.3139467106161573,0.8,0.5651040791090832,-0.1358795467565045,0.16666666666666666
python,anchored,python_anchored_033,0.32676601276060724,0.33660351349262896,0.9973732413482936,0.48746117158665864,0.6,0.7799378745386538,0.05549895312237432,0.5
python,anchored,python_anchored_034,0.23739992095640858,1.3082645194649882,4.063369097865548,0.7677324934113136,0.2,0.9212789920935762,-0.47520673531311947,0.3333333333333333
python,anchored,python_anchored_035,-3.4149257705457323,0.870799078329751,2.644113759475629,0.5647615807809374,0.8,1.0165708454056874,0.31753175562949637,0.3333333333333333
python,anchored,python_anchored_036,-0.6389734297097246,1.3047549284887072,4.422863638349429,1.0640464317419036,0.4,1.489665004438665,0.08928229693377598,0.5
python,anchored,python_anchored_037,0.7689855784529838,0.6020178021663113,2.0615622966724336,0.50926124956711,0.8,0.9166702492207981,0.2995220539609056,0.3333333333333333
python,anchored,python_anchored_038,-2.354661668654885,1.506758128748714,4.5840223479299125,0.8713763524933307,0.8,1.5684774344879953,0.4937173581738275,0.16666666666666666
python,anchored,python_anchored_039,-2.8987582356604014,0.8631469361668772,3.148370203647717,0.8500906253165894,0.8,1.530163125569861,-0.16396511777335557,0.16666666666666666
python,consistent_basic,python_consistent_basic_000,0.7896369964299378,2.3629470902655614,6.972929665725026,1.479573693520108,0.8,2.6632326483361943,1.1298050722093926,0.5
python,consistent_basic,python_consistent_basic_001,-5.26912182171291,1.1781770692430684,3.6010610798386606,0.7010771827766158,0.8,1.2619389289979084,0.5944377934159212,0.5
python,consistent_basic,python_consistent_basic_002,0.258812989120636,0.9169049590041112,2.6908610440900134,0.541090710492325,0.8,0.9739632788861851,-0.44824421402552367,0.3333333333333333
python,consistent_basic,python_consistent_basic_003,-1.92453256741308,1.2040306419309676,3.5034862984257513,0.629466739741644,0.6,1.0071467835866306,0.5803521624656531,0.6666666666666666
python,consistent_basic,python_consistent_basic_004,-4.196579220346799,1.465532910117619,4.136333750169667,0.7627662295369788,0.6,1.2204259672591662,0.6893889583616112,0.5
python,consistent_basic,python_consistent_basic_005,-2.8853835554179406,0.7709297475954624,2.3440699897578186,0.6515198200501016,1.0,1.3030396401002031,0.3555165059423073,0.5
python,consistent_basic,python_consistent_basic_006,-1.5124559626900425,2.0245568850389573,5.812116345853449,0.9814904295799548,0.6,1.5703846873279277,0.9558816857045284,0.5
python,consistent_basic,python_consistent_basic_007,0.32042280685711944,1.8515984822895666,5.086573921409822,2.3546221186689626,0.4,3.2964709661365474,0.8106831557008872,0.3333333333333333
python,consistent_basic,python_consistent_basic_008,-1.63873346698929,1.5137038749957665,4.325199069625641,0.7786731909531719,0.8,1.4016117437157094,0.6727637989190637,0.5
python,consistent_basic,python_consistent_basic_009,0.5238972069761705,1.3175880017908113,4.550485658475774,1.6136339459399016,0.6,2.581814313503843,0.26317524684607607,0.6666666666666666
python,consistent_basic,python_consistent_basic_010,-2.984431698990825,1.315757546807138,4.404920783631697,1.0365985135260083,0.4,1.4512379189364115,0.5405528916146777,0.6666666666666666
python,consistent_basic,python_consistent_basic_011,-2.838462415259554,2.3727742528797395,7.064872922904703,1.2184825733377478,0.8,2.193268632007946,1.1774788204841171,0.5
python,consistent_basic,python_consistent_basic_012,-4.539807502075652,1.8663008359646602,5.4930673032217205,0.9618330471629201,0.4,1.346566266028088,0.8792022900243913,0.6666666666666666
python,consistent_basic,python_consistent_basic_013,-3.8120779874343915,0.9931914257395591,3.259289913565211,0.6847994972303916,0.4,0.9587192961225481,0.40163047395801194,0.16666666666666666
python,consistent_basic,python_consistent_basic_014,-3.7121027592557074,1.403541864430586,4.710411135836059,1.038912942384609,0.2,1.2466955308615308,0.5312241028940775,0.3333333333333333
python,consistent_basic,python_consistent_basic_015,-1.9682419437008765,1.2096963467244801,3.462817663494382,0.6116826100052378,0.8,1.1010286980094282,0.5771362772490637,0.6666666666666666
python,consistent_basic,python_consistent_basic_016,-2.2235314546202694,2.309954065341586,7.100138181408429,1.4566609709244134,0.6,2.3306575534790617,1.152152761683335,0.5
python,consistent_basic,python_consistent_basic_017,-1.304183406220771,2.097043930770043,6.00944991632476,1.0389778975453707,0.6,1.6623646360725932,1.0015749860541268,0.5
python,consistent_basic,python_consistent_basic_018,-1.0304662376452172,1.6685925990768156,5.656091238584896,1.220468607237837,0.4,1.7086560501329717,0.6648951389571284,0.16666666666666666
python,consistent_basic,python_consistent_basic_019,-1.0089865467827719,1.1256272698011522,3.8620293359493827,0.8029439265859869,1.0,1.6058878531719738,0.4843991853971407,0.16666666666666666
python,consistent_basic,python_consistent_basic_020,-2.606483643403135,1.3198560112314142,4.086753361729489,0.9197664503103281,0.6,1.471626320496525,0.6811255602882481,0.6666666666666666
python,consistent_basic,python_consistent_basic_021,-1.54530670483355,1.6563840640494274,5.194582213563459,1.4372145536571566,0.8,2.586986196582882,0.42788478831271276,0.5
python,consistent_basic,python_consistent_basic_022,-2.067712323118255,0.7544806074293837,2.2475845861609294,0.5660217720140142,0.6,0.9056348352224227,0.18317309003962903,0.6666666666666666
python,consistent_basic,python_consistent_basic_023,-1.643761663891251,1.1005385565009234,3.322428171797677,0.5685021941830889,0.8,1.02330394952956,0.5537380286329462,0.6666666666666666
python,consistent_basic,python_consistent_basic_024,-4.271653632198884,2.1924261835631276,6.240742366598202,1.0401237277663669,0.2,1.2481484733196402,1.0401237277663669,0.6666666666666666
python,consistent_basic,python_consistent_basic_025,-1.500196538666552,3.6756731835941263,11.965815175486998,3.1111332711967545,0.6,4.977813233914808,1.1253113652505204,0.3333333333333333
python,consistent_basic,python_consistent_basic_026,-4.182353857798147,2.300690337595267,7.040350995571957,1.2720714387097187,0.4,1.780900014193606,1.0747122264809337,0.5
python,consistent_basic,python_consistent_basic_027,-0.645876270402157,1.9029829612172025,5.10268931201197,1.1567163522611972,1.0,2.3134327045223944,0.8210248395607332,0.3333333333333333
python,consistent_basic,python_consistent_basic_028,1.9291971766017464,1.102165533908913,3.1858351487762597,0.5309725247960433,0.2,0.637167029755252,0.5309725247960433,0.3333333333333333
python,consistent_basic,python_consistent_basic_029,-0.9884512309332771,1.9850963913675943,5.675293004769176,1.7601691674644648,0.6,2.8162706679431437,0.9458821674615293,0.6666666666666666
python,consistent_basic,python_consistent_basic_030,-0.788133316512127,1.376234976304225,3.575575260588547,0.6491536220852082,0.8,1.1684765197533749,0.5525785929025303,0.5
python,consistent_basic,python_consistent_basic_031,-2.534384821215219,1.8398050952028853,5.613721728283115,0.9431671957341061,0.4,1.3204340740277485,0.9356202880471859,0.8333333333333334
python,consistent_basic,python_consistent_basic_032,-2.9547713211761546,1.1326278120435394,3.6145753870650204,0.820898416503911,1.0,1.641796833007822,0.5346001636919085,0.5
python,consistent_basic,python_consistent_basic_033,-3.695900193016109,1.8846161831214583,4.451675742009742,0.837903249218015,0.8,1.508225848592427,0.7272672399399617,0.5
python,consistent_basic,python_consistent_basic_034,-1.7779327751217806,2.661698520704005,7.819208886473317,1.354981556650485,0.6,2.167970490640776,1.2613096598335283,0.5
python,consistent_basic,python_consistent_basic_035,-0.9298109466014307,3.8013728841833827,8.667167184171728,2.6926787023446406,0.8,4.846821664220353,0.1963770257126017,0.3333333333333333
python,consistent_basic,python_consistent_basic_036,-3.859688635951232,2.8616679321000045,8.405898539576468,1.450308992358537,0.8,2.6105561862453666,1.3622380272194252,0.5
python,consistent_basic,python_consistent_basic_037,-3.6054498836508264,1.2591905181274963,4.704351175663028,1.205454378243424,0.6,1.9287270051894785,0.41308798520719114,0.5
python,consistent_basic,python_consistent_basic_038,0.3194278621840948,1.3300493447781905,3.402994805259662,0.6213553811958608,0.8,1.1184396861525494,0.5270496158767392,0.6666666666666666
python,consistent_basic,python_consistent_basic_039,-4.317569314268602,1.7565397167281687,5.793464320167958,1.5142515408859634,0.8,2.7256527735947342,0.7368938349929538,0.5
python,consistent_technical,python_consistent_technical_000,3.895542066768951,1.1083990881109864,3.397715974377682,0.8254873707875591,0.6,1.3207797932600946,-0.529866506493476,0.5
python,consistent_technical,python_consistent_technical_001,2.35371483095967,2.229917240366979,6.602304546057346,2.2741706537505473,0.8,4.093507176750985,1.0848314610014962,0.6666666666666666
python,consistent_technical,python_consistent_technical_002,2.278237537982543,1.7802048167770539,5.566382091639062,1.4407686155267785,1.0,2.881537231053557,0.9277303486065103,0.5
python,consistent_technical,python_consistent_technical_003,1.8425748019853518,0.741632321086592,2.4508852514173016,1.0119518023057843,0.8,1.8215132441504118,0.13478996229411833,0.6666666666666666
python,consistent_technical,python_consistent_technical_004,0.6001418496430209,0.9478657322580033,2.778603509988802,0.7021244046971956,0.4,0.9829741665760738,0.33438743151740385,0.6666666666666666
python,consistent_technical,python_consistent_technical_005,2.47960197791587,1.4728881534601699,4.539554058305627,0.9488537469805512,0.8,1.7079367445649922,0.7503891722393199,0.5
python,consistent_technical,python_consistent_technical_006,4.235076865445888,0.5156432363042966,1.723435315927913,0.6026243578891209,0.6,0.9641989726225936,0.19972331335523866,0.3333333333333333
python,consistent_technical,python_consistent_technical_007,1.992008748786694,0.7368354718526082,2.252314990167385,0.6018085761218691,0.2,0.7221702913462429,-0.14896308726725924,0.5
python,consistent_technical,python_consistent_technical_008,5.942121169319212,2.627572568887762,7.917200763692048,1.5167878714883571,0.4,2.1235030200837,1.3195334606153413,0.8333333333333334
python,consistent_technical,python_consistent_technical_009,4.658397783859572,1.3998994720991305,3.9355440618570228,0.8883852666973683,0.4,1.2437393733763156,0.6559240103095038,0.8333333333333334
python,consistent_technical,python_consistent_technical_010,1.8545586649531265,1.0866950446623724,3.3973546440588116,1.0910486660095229,0.4,1.527468132413332,0.5284777874845772,0.8333333333333334
python,consistent_technical,python_consistent_technical_011,0.9857388755380702,1.2771632225498606,4.123757298318619,1.30216971363409,0.6,2.083471541814544,-0.2832877379406394,0.3333333333333333
python,consistent_technical,python_consistent_technical_012,3.7506689960989212,1.5973000590688917,5.085371923333499,1.0516982509808908,0.6,1.6827172015694254,0.7864145353561907,0.5
python,consistent_technical,python_consistent_technical_013,0.624596033865769,1.321302855578172,4.807479360638018,1.5587249057907702,0.8,2.8057048304233865,0.41784392731039527,0.6666666666666666
python,consistent_technical,python_consistent_technical_014,0.2920608704791602,0.33867807759334784,1.1684936677887356,0.33482137478838053,0.8,0.602678474619085,0.19474894463145595,0.6666666666666666
python,consistent_technical,python_consistent_technical_015,1.1777569225559013,0.6208744812169081,1.7680097452118075,0.5954368986718247,0.6,0.9526990378749196,-0.003354667444960805,0.3333333333333333
python,consistent_technical,python_consistent_technical_016,3.5826468212532654,0.5920732728386026,1.8294149894422702,0.6473954339829275,0.8,1.1653117811692697,0.029313865823803836,0.6666666666666666
python,consistent_technical,python_consistent_technical_017,1.3344107727343086,1.3515847616056562,3.0773833567430655,0.5364018656357058,0.8,0.9655233581442705,-0.48939258661198276,0.6666666666666666
python,consistent_technical,python_consistent_technical_018,3.338413481775145,2.295106207630801,5.9766493838411945,1.9439553101915443,0.6,3.110328496306471,0.4027006062839709,0.5
python,consistent_technical,python_consistent_technical_019,3.119027946303794,1.121047892639516,3.5417166532572244,1.2171439843983645,0.4,1.7040015781577103,0.19644775888910204,0.6666666666666666
python,consistent_technical,python_consistent_technical_020,4.211803835259637,2.4552533318192333,7.147096786511355,1.4008150474224106,0.6,2.241304075875857,0.9905229485172994,0.6666666666666666
python,consistent_technical,python_consistent_technical_021,2.9909404464755274,0.6600598227704718,2.0867304276862235,0.4460191818545674,0.6,0.7136306909673079,0.3477884046143706,0.6666666666666666
python,consistent_technical,python_consistent_technical_022,1.9173530723622665,1.490563894410597,4.467091243267659,0.7855718049243631,0.6,1.256914887878981,0.7445152072112767,0.6666666666666666
python,consistent_technical,python_consistent_technical_023,2.095936796890044,0.9322952192200838,2.8862783336122337,0.743349479142521,0.4,1.0406892707995294,0.21874329872822354,0.16666666666666666
python,consistent_technical,python_consistent_technical_024,1.8126308293482114,0.7391419436488432,2.4695207818100586,0.5043603615405035,0.8,0.9078486507729062,0.4115867969683431,0.5
python,consistent_technical,python_consistent_technical_025,1.7583149761709171,1.5920534901950716,4.794627497463402,0.9194095152731355,0.2,1.1032914183277627,-0.6787996505479988,0.3333333333333333
python,consistent_technical,python_consistent_technical_026,2.282150400506148,0.4997416063573426,1.6511448905447192,0.5400204098919109,0.8,0.9720367378054396,0.2582184613349859,0.6666666666666666
python,consistent_technical,python_consistent_technical_027,2.00183303578154,0.5745000369244587,1.852156872210444,0.6836161678283226,0.8,1.2305091020909806,-0.082122025930416,0.3333333333333333
python,consistent_technical,python_consistent_technical_028,4.952368769829057,0.49846565524716085,1.3834425391514085,0.2796289012200595,0.6,0.4474062419520952,0.19147045596147252,0.6666666666666666
python,consistent_technical,python_consistent_technical_029,2.8911692721994937,0.9252508529229138,2.4651298921337115,0.8040130709102584,0.8,1.4472235276384653,0.0860478533948108,0.5
python,consistent_technical,python_consistent_technical_030,9.033363446620674,3.274147646187104,10.327430830441797,2.541921461880825,1.0,5.08384292376165,1.7122861027043754,0.5
python,consistent_technical,python_consistent_technical_031,1.6714946150454106,0.2051880609689065,0.6212327246462239,0.28234746375726666,0.8,0.50822543476308,-0.019689090962609773,0.5
python,consistent_technical,python_consistent_technical_032,2.7931202934994808,1.4187169487599318,5.040185188660013,1.237551098520516,0.4,1.7325715379287223,0.5920150523187845,0.6666666666666666
python,consistent_technical,python_consistent_technical_033,1.6705936261808254,1.323863196202702,3.96488756102937,1.2796782205992925,0.4,1.7915495088390094,0.3880473247179781,0.6666666666666666
python,consistent_technical,python_consistent_technical_034,3.4191638151723973,0.6147389646868666,2.0041104708470963,0.5590962129574312,0.6,0.8945539407318899,-0.13979734641790031,0.6666666666666666
python,consistent_technical,python_consistent_technical_035,3.316262853908453,0.967120687131348,2.85549742418124,1.0073819083728166,0.6,1.6118110533965067,-0.0767295731449013,0.6666666666666666
python,consistent_technical,python_consistent_technical_036,1.495383389066156,0.9803790387113298,2.6785710867311003,1.199910435839601,0.6,1.919856697343362,-0.03925241525642257,0.5
python,consistent_technical,python_consistent_technical_037,1.0668986601799495,0.9764937962110027,3.201119062733142,0.6032677047127007,0.4,0.844574786597781,0.533519843788857,0.8333333333333334
python,consistent_technical,python_consistent_technical_038,1.9055881192999862,0.3556351700131453,1.1787988720393214,0.38892816535893293,0.6,0.6222850645742928,-0.1235597595773837,0.5
python,consistent_technical,python_consistent_technical_039,6.153505632185348,2.729924615504184,8.428791674241088,1.9236792092501156,0.6,3.077886734800185,1.3706255673948045,0.5
python,oscillatory,python_oscillatory_000,2.3279846298524274,1.7523993702727676,5.439164679478139,1.0666168957280568,0.4,1.4932636540192794,0.6820384527621536,0.6666666666666666
python,oscillatory,python_oscillatory_001,-1.8422163153043043,2.0770272622912564,6.334949178457289,2.848919377120105,1.0,5.69783875424021,2.848919377120105,1.0
python,oscillatory,python_oscillatory_002,-1.1936216509061788,2.567243229415678,7.854112781882397,2.5089405829085796,1.0,5.017881165817159,2.5089405829085796,1.0
python,oscillatory,python_oscillatory_003,2.2491816704844636,2.416747364788322,7.301008891022141,3.436288824015445,1.0,6.87257764803089,3.436288824015445,1.0
python,oscillatory,python_oscillatory_004,-2.8117751903852986,1.1735652345583372,4.007952685870961,1.5633473920986118,0.6,2.501355827357779,0.6925529405270016,0.6666666666666666
python,oscillatory,python_oscillatory_005,-0.5607628205075542,1.6239484143173812,5.637470925687444,1.8378704069650986,0.8,3.3081667325371775,1.5738075727242293,0.5
python,oscillatory,python_oscillatory_006,-2.636193126044941,2.420492780516727,7.219818916180456,1.424955421720611,0.4,1.9949375904088553,1.4116595940800167,0.6666666666666666
python,oscillatory,python_oscillatory_007,2.5658607370254023,0.7146057825857529,2.311099520892432,0.8105464000489251,0.8,1.4589835200880652,0.4421438268329461,0.3333333333333333
python,oscillatory,python_oscillatory_008,0.6064541426458793,2.072810463774679,6.571138558444163,2.794471313143166,1.0,5.588942626286332,2.794471313143166,1.0
python,oscillatory,python_oscillatory_009,-2.018607307189198,2.3044541556466855,8.608025288500293,2.3073235646389123,0.8,4.153182416350043,2.1709989244980448,0.6666666666666666
python,oscillatory,python_oscillatory_010,-3.3279306931196007,1.2082738145339635,3.645873081560384,0.6648863316827107,0.4,0.9308408643557949,0.463317083167075,0.5
python,oscillatory,python_oscillatory_011,-0.2101753001469125,1.538477605168846,4.862706231457844,1.4549209900050204,0.6,2.327873584008033,1.1449017157902797,0.8333333333333334
python,oscillatory,python_oscillatory_012,-1.0608177811382562,0.8846979494176541,2.9114552004683096,1.334030077692143,0.8,2.4012541398458573,1.3066062200091384,0.8333333333333334
python,oscillatory,python_oscillatory_013,-1.9954374028216966,0.9829117486689695,3.168377515870402,1.2547713642895326,0.6,2.0076341828632525,1.1800252090475334,0.8333333333333334
python,oscillatory,python_oscillatory_014,-1.512608947967283,1.079951033910109,3.0503177263204466,1.5110124294183185,0.8,2.719822372952973,1.401952337131683,0.6666666666666666
python,oscillatory,python_oscillatory_015,0.16998872568051634,1.8283639714058433,5.682105108166143,2.0933237489058185,1.0,4.186647497811637,2.0933237489058185,1.0
python,oscillatory,python_oscillatory_016,0.5706484716209176,1.269687092862716,4.587027300798913,1.1404149470727543,0.6,1.8246639153164068,1.0635317867426963,0.8333333333333334
python,oscillatory,python_oscillatory_017,-1.7123149632161938,2.33583637349315,7.455757080210132,2.0115177141651572,0.6,3.218428342664252,1.5952039679597982,0.8333333333333334
python,oscillatory,python_oscillatory_018,-2.827673304590676,2.413192806187785,8.263867254855104,1.9341607598049093,1.0,3.8683215196098186,1.9341607598049093,1.0
python,oscillatory,python_oscillatory_019,0.6848637251606373,0.9823137951323166,2.6403257981314763,1.6079154474128685,1.0,3.215830894825737,1.6079154474128685,1.0
python,oscillatory,python_oscillatory_020,-2.299569436102462,1.732321261081762,6.067567718082925,1.837204420106997,0.4,2.572086188149796,1.7739513929775568,0.6666666666666666
python,oscillatory,python_oscillatory_021,-0.005555043308695821,1.366932301935674,3.5861350901015783,2.658951910039723,1.0,5.317903820079446,2.658951910039723,1.0
python,oscillatory,python_oscillatory_022,-2.0803158211286865,1.3544631362093236,4.026391365928999,1.3461880768410002,0.8,2.4231385383138004,1.2606176035700745,0.6666666666666666
python,oscillatory,python_oscillatory_023,3.3508853768046323,1.824679112023325,4.636935063179305,1.9022615221286028,0.6,3.0436184354057647,1.3097597954683304,0.5
python,oscillatory,python_oscillatory_024,-1.0041347064681703,1.2757115188274304,3.9003687570040393,1.0254746701041797,0.4,1.4356645381458515,0.032891979488576174,0.5
python,oscillatory,python_oscillatory_025,0.7452232330140669,2.526328090115132,9.41425576132946,2.596741081119981,0.8,4.674133946015966,2.49242802475148,0.5
python,oscillatory,python_oscillatory_026,0.9650553074181748,0.7773426576327778,2.5680978729674027,1.0954043084147493,0.6,1.752646893463599,0.8682445588289406,0.8333333333333334
python,oscillatory,python_oscillatory_027,1.434110098327817,0.8461278398032157,2.983884165706497,1.052929955246768,0.8,1.8952739194441823,1.0475172345338142,0.8333333333333334
python,oscillatory,python_oscillatory_028,-0.5774126639179868,2.1042566247425536,6.391812277151374,1.319914887634006,0.8,2.375846797741211,1.2413960720717316,0.6666666666666666
python,oscillatory,python_oscillatory_029,0.8512958984572355,1.325819837729032,4.8975415176344725,1.345403631039563,0.4,1.883565083455388,1.1665508083806408,0.5
python,oscillatory,python_oscillatory_030,2.096189895607003,1.3069338199188465,4.06031339022075,1.3005086741141934,0.8,2.340915613405548,1.275124350255453,0.8333333333333334
python,oscillatory,python_oscillatory_031,-0.9216893593495866,1.2528477227101185,4.359572157084315,1.2538016446389462,0.8,2.2568429603501032,1.1662804819771073,0.8333333333333334
python,oscillatory,python_oscillatory_032,-2.1857997845103294,1.6307461939776566,5.644810154427628,1.9305255722231527,0.6,3.0888409155570447,1.9141453358376455,0.8333333333333334
python,oscillatory,python_oscillatory_033,0.3391553506017121,2.5183917605027077,7.633975360486584,2.201062952257626,0.8,3.9619133140637266,1.534898458385399,0.3333333333333333
python,oscillatory,python_oscillatory_034,0.3178002486197635,1.8873982526619635,6.490605766142872,1.5873499185362567,0.8,2.8572298533652623,1.5192732338251973,0.6666666666666666
python,oscillatory,python_oscillatory_035,-1.2036781085215278,2.6257666303699123,9.446942715768017,2.927652979178596,1.0,5.855305958357192,2.927652979178596,1.0
python,oscillatory,python_oscillatory_036,-0.14875087050535063,1.3635543173989524,4.3063007498675825,1.097986347678458,0.8,1.9763754258212243,1.0678614390015155,0.8333333333333334
python,oscillatory,python_oscillatory_037,-0.0506877100138189,2.795198290584534,8.288217462675274,2.2851776794275853,0.6,3.6562842870841368,1.8461840290053058,0.5
python,oscillatory,python_oscillatory_038,0.21484206853427,1.9568319053207224,5.668484187172799,3.4182056537827106,1.0,6.836411307565421,3.4182056537827106,1.0
python,oscillatory,python_oscillatory_039,-0.441783017568617,0.6460866033852561,2.170984847904079,0.9372375100795232,1.0,1.8744750201590463,0.9372375100795232,1.0
