domain,condition,conversation_id,turn_index,readability_grade,avg_sentence_len,long_word_ratio,jargon_rate,code_ratio,readability_grade_z,avg_sentence_len_z,long_word_ratio_z,jargon_rate_z,code_ratio_z,technicality
photoshop,consistent_basic,photoshop_consistent_basic_000,0,9.87303191489362,19.583333333333332,0.15319148936170213,0.851063829787234,0.055408970976253295,3.3322802485999636,3.2890446812879808,0.6158222661899664,-0.6987450836598778,-0.4102092161854513,6.128192896232582
photoshop,consistent_basic,photoshop_consistent_basic_000,1,5.755622188905548,8.826086956521738,0.1477832512315271,1.9704433497536946,0.06281957633308985,-0.2907832067099533,-0.6059943973579482,0.4702135314338623,0.5956746419979059,0.04836771178529277,0.2174782811491594
photoshop,consistent_basic,photoshop_consistent_basic_000,2,5.2742330917874405,8.625,0.15942028985507245,2.898550724637681,0.06330935251798561,-0.7143755527776529,-0.6788049965040742,0.7835234171114587,1.6689125136487035,0.07867563501797824,1.1379310164964134
photoshop,consistent_basic,photoshop_consistent_basic_000,3,5.452743147208121,7.88,0.15228426395939088,4.060913705583756,0.07371556217423679,-0.5572978507170905,-0.9485584270703175,0.5913965771227463,3.0130371327556027,0.7226240611179823,2.8212014932089238
photoshop,consistent_basic,photoshop_consistent_basic_001,0,6.730099846390171,12.055555555555555,0.0967741935483871,1.3824884792626728,0.05522827687776141,0.5666962825340525,0.5633481979377986,-0.9031291675317226,-0.08422021813223964,-0.4213907783654435,-0.27869568355755464
photoshop,consistent_basic,photoshop_consistent_basic_001,1,4.322967032967032,8.666666666666666,0.07142857142857142,2.197802197802198,0.09475465313028765,-1.551430284599817,-0.6637181155999221,-1.585522190849513,0.8585861679525986,2.0245476197679104,-0.9175368033287437
photoshop,consistent_basic,photoshop_consistent_basic_001,2,5.562772612003382,8.047619047619047,0.14792899408284024,1.7751479289940828,0.09831932773109243,-0.460478792270981,-0.8878660604616133,0.4741374400467336,0.36984038252400336,2.2451338538121166,1.7407668236502591
photoshop,consistent_basic,photoshop_consistent_basic_001,3,5.562772612003382,8.047619047619047,0.14792899408284024,1.7751479289940828,0.09831932773109243,-0.460478792270981,-0.8878660604616133,0.4741374400467336,0.36984038252400336,2.2451338538121166,1.7407668236502591
photoshop,consistent_basic,photoshop_consistent_basic_002,0,7.177584507042255,10.65,0.23943661971830985,1.408450704225352,0.06374228923920494,0.9604548416075636,0.054417415437727795,2.937843598799912,-0.054198214411228386,0.10546626575090896,4.0039839071848835
photoshop,consistent_basic,photoshop_consistent_basic_002,1,6.0574891774891775,9.545454545454545,0.1761904761904762,1.9047619047619047,0.05176132278936017,-0.025159106247289568,-0.34552208198507356,1.2350356388640211,0.5197224233887724,-0.6359299527944181,0.7481469212260125
photoshop,consistent_basic,photoshop_consistent_basic_002,2,5.795061368837114,9.08695652173913,0.19138755980861244,1.9138755980861244,0.05139186295503212,-0.25607919107226734,-0.5115374038710812,1.6441944192944093,0.5302612479804705,-0.6587925595149929,0.7480465128165384
photoshop,consistent_basic,photoshop_consistent_basic_002,3,5.8638795986622085,9.043478260869565,0.19230769230769232,1.9230769230769231,0.05153901216893343,-0.1955234460453172,-0.5272802361188926,1.668967612666103,0.5409014074240117,-0.6496867940322957,0.8373785438936092
photoshop,consistent_basic,photoshop_consistent_basic_003,0,8.838285714285718,17.857142857142858,0.124,1.6,0.03062583222370173,2.4217682047582194,2.6640167581159577,-0.17011498902963063,0.16730412904239375,-1.9438188320494496,3.1391552708374904
photoshop,consistent_basic,photoshop_consistent_basic_003,1,5.802903726708077,9.73913043478261,0.12946428571428573,2.232142857142857,0.042966042966042964,-0.24917840584644665,-0.27539492015391465,-0.022997256775253917,0.8982967630186717,-1.1801921564616256,-0.8294659762185691
photoshop,consistent_basic,photoshop_consistent_basic_003,2,5.821194672933807,9.652173913043478,0.12612612612612611,2.2522522522522523,0.043235704323570434,-0.2330835153100001,-0.306880584649537,-0.1128722183332334,0.9215507150843903,-1.1635051962238514,-0.8947907994322315
photoshop,consistent_basic,photoshop_consistent_basic_003,3,5.2922747747747785,9.25,0.11261261261261261,2.2522522522522523,0.04372355430183357,-0.6984999983262374,-0.4525017829417897,-0.4767033880137257,0.9215507150843903,-1.1333164689107558,-1.8394709231081183
photoshop,consistent_basic,photoshop_consistent_basic_004,0,6.811919191919195,9.0,0.16666666666666666,0.0,0.08516886930983847,0.6386921975513374,-0.5430230683667036,0.9786212907082447,-1.6828919162760954,1.4313681040731576,0.8227666076899409
photoshop,consistent_basic,photoshop_consistent_basic_004,1,5.122838082901556,4.825,0.17098445595854922,0.5181347150259067,0.0362095531587057,-0.8475937070333944,-2.054728534962764,1.0948713190172106,-1.0837351658491237,-1.598291649083508,-4.48947773791158
photoshop,consistent_basic,photoshop_consistent_basic_004,2,4.897642124883504,5.103448275862069,0.14864864864864866,0.6756756756756757,0.03640040444893832,-1.045752088170194,-1.9539065515412222,0.49351306446758825,-0.9015591268679497,-1.5864815479973142,-4.994186250109092
photoshop,consistent_basic,photoshop_consistent_basic_004,3,4.579139784946239,5.32258064516129,0.14545454545454545,0.6060606060606061,0.04117108874656908,-1.32601425906223,-1.8745619765525328,0.4075166061794714,-0.9820600809281829,-1.2912660231944013,-5.066385733557876
photoshop,consistent_basic,photoshop_consistent_basic_005,0,6.893184466019417,13.733333333333333,0.1407766990291262,1.941747572815534,0.055598455598455596,0.7102005643091786,1.1708466023449977,0.28157257727506785,0.562491633867702,-0.3984836861156216,2.3266276916813244
photoshop,consistent_basic,photoshop_consistent_basic_005,1,4.9486937222574525,8.736842105263158,0.12650602409638553,3.6144578313253013,0.09211691762621789,-1.0008298702978002,-0.6383086319718762,-0.10264403284020743,2.496767824654226,1.8613214613084308,2.6163067508527726
photoshop,consistent_basic,photoshop_consistent_basic_005,2,4.795978569177436,8.789473684210526,0.11976047904191617,3.592814371257485,0.09219858156028368,-1.1352096690105677,-0.6192515192508418,-0.28425775934041125,2.471739922013925,1.8663749210740825,2.299395895486187
photoshop,consistent_basic,photoshop_consistent_basic_005,3,4.9486937222574525,8.736842105263158,0.12650602409638553,3.6144578313253013,0.09219858156028368,-1.0008298702978002,-0.6383086319718762,-0.10264403284020743,2.496767824654226,1.8663749210740825,2.6213602106184246
photoshop,consistent_basic,photoshop_consistent_basic_006,0,7.035400473933652,10.55,0.10900473933649289,0.47393364928909953,0.04911032028469751,0.8353417708745478,0.018208901267762395,-0.5738399878178383,-1.134848063989813,-0.7999770887695428,-1.655114468434884
photoshop,consistent_basic,photoshop_consistent_basic_006,1,5.7502663328021875,8.304347826086957,0.1099476439790576,1.0471204188481675,0.06766917293233082,-0.2954960256450004,-0.794908384331681,-0.5484536884917285,-0.47203063007289575,0.34846642211880857,-1.762422306422497
photoshop,consistent_basic,photoshop_consistent_basic_006,2,5.297222222222224,7.5,0.09444444444444444,1.1111111111111112,0.078125,-0.6941465535061192,-1.0861507809161863,-0.9658541828063882,-0.39803355147158903,0.995485231676884,-2.148699837023399
photoshop,consistent_basic,photoshop_consistent_basic_006,3,5.297222222222224,7.5,0.09444444444444444,1.1111111111111112,0.078125,-0.6941465535061192,-1.0861507809161863,-0.9658541828063882,-0.39803355147158903,0.995485231676884,-2.148699837023399
photoshop,consistent_basic,photoshop_consistent_basic_007,0,6.911924528301888,10.6,0.1320754716981132,2.830188679245283,0.04809763101220388,0.7266906489313889,0.036313158352744776,0.04730502618019132,1.589860522376892,-0.862643485535717,1.5375258703055
photoshop,consistent_basic,photoshop_consistent_basic_007,1,6.3657455507455545,8.590909090909092,0.13227513227513227,3.1746031746031744,0.06836964688204357,0.24608725375482118,-0.6911488081529259,0.05268058903460995,1.9881319831653508,0.39181256950020515,1.987563587302061
photoshop,consistent_basic,photoshop_consistent_basic_007,2,3.5890518381380616,5.2368421052631575,0.11055276381909548,1.0050251256281406,0.04296875,-2.1972298281571208,-1.9056066279206696,-0.5321617405110871,-0.5207084707242807,-1.1800246420338352,-6.335731309346994
photoshop,consistent_basic,photoshop_consistent_basic_007,3,3.5890518381380616,5.2368421052631575,0.11055276381909548,1.0050251256281406,0.04296875,-2.1972298281571208,-1.9056066279206696,-0.5321617405110871,-0.5207084707242807,-1.1800246420338352,-6.335731309346994
photoshop,consistent_basic,photoshop_consistent_basic_008,0,5.868427672955978,11.777777777777779,0.09433962264150944,2.358490566037736,0.05196850393700787,-0.19152142466236266,0.46276899191011694,-0.9686763533049578,1.0444017826013945,-0.6231093410296739,-0.27613634448548285
photoshop,consistent_basic,photoshop_consistent_basic_008,1,4.591761363636362,8.727272727272727,0.09375,1.0416666666666667,0.07048092868988391,-1.3149080579446017,-0.6417735615575189,-0.9845510623594135,-0.47833719927187063,0.5224611574224802,-2.8971087237109248
photoshop,consistent_basic,photoshop_consistent_basic_008,2,4.403968253968255,8.571428571428571,0.1,1.6666666666666667,0.08304195804195805,-1.4801542680808177,-0.698202414809413,-0.8162791463821855,0.2443956309306641,1.2997523468811807,-1.450487851460571
photoshop,consistent_basic,photoshop_consistent_basic_008,3,4.403968253968255,8.571428571428571,0.1,1.6666666666666667,0.08304195804195805,-1.4801542680808177,-0.698202414809413,-0.8162791463821855,0.2443956309306641,1.2997523468811807,-1.450487851460571
photoshop,consistent_basic,photoshop_consistent_basic_009,0,6.809379671150975,12.38888888888889,0.11659192825112108,1.345291479820628,0.0624551328068916,0.6364575778506879,0.6840432451710172,-0.3695662573305313,-0.12723380642310558,0.02581552007957201,0.8495162793476402
photoshop,consistent_basic,photoshop_consistent_basic_009,1,5.237999560825649,9.409090909090908,0.1111111111111111,1.932367149758454,0.06478034251675353,-0.7462587974923874,-0.3948973285804812,-0.5171290735337807,0.5516443703404371,0.16970221681920367,-0.9369386124470085
photoshop,consistent_basic,photoshop_consistent_basic_009,2,4.876755952380954,9.142857142857142,0.10416666666666667,2.0833333333333335,0.07058823529411765,-1.0641306157764376,-0.49129661955246723,-0.7040978690640336,0.726217517732354,0.5291014156134095,-1.0042061710471752
photoshop,consistent_basic,photoshop_consistent_basic_009,3,5.551889828197439,10.157894736842104,0.11917098445595854,2.5906735751295336,0.06853582554517133,-0.47005496246616113,-0.1237665885039451,-0.300129020690378,1.3128918358587636,0.40209589956056424,0.8210371637588435
photoshop,consistent_technical,photoshop_consistent_technical_000,0,9.87303191489362,19.583333333333332,0.15319148936170213,0.851063829787234,0.055408970976253295,3.3322802485999636,3.2890446812879808,0.6158222661899664,-0.6987450836598778,-0.4102092161854513,6.128192896232582
photoshop,consistent_technical,photoshop_consistent_technical_000,1,7.142873711340204,12.125,0.15979381443298968,2.0618556701030926,0.06473214285714286,0.9299115088371896,0.5884929994447192,0.7935800085339734,0.7013813380003078,0.1667195655013723,3.1800854203175626
photoshop,consistent_technical,photoshop_consistent_technical_000,2,7.203430420711978,11.444444444444445,0.1796116504854369,1.4563106796116505,0.05230125523012552,0.9831976317396284,0.34207394467689833,1.3271456474248335,0.0011457463317526698,-0.6025183017786886,2.0510446683944243
photoshop,consistent_technical,photoshop_consistent_technical_000,3,7.1935507246376815,11.5,0.17391304347826086,1.932367149758454,0.05101327742837177,0.974504116112455,0.36218978588243467,1.1737191643050306,0.5516443703404371,-0.6822198747517875,2.37983756188857
photoshop,consistent_technical,photoshop_consistent_technical_001,0,6.730099846390171,12.055555555555555,0.0967741935483871,1.3824884792626728,0.05522827687776141,0.5666962825340525,0.5633481979377986,-0.9031291675317226,-0.08422021813223964,-0.4213907783654435,-0.27869568355755464
photoshop,consistent_technical,photoshop_consistent_technical_001,1,5.854197433883218,10.578947368421053,0.07960199004975124,0.9950248756218906,0.08114374034003091,-0.20404314646707453,0.028690313264331278,-1.3654651010143322,-0.5322724851078807,1.1822884150626576,-0.8908020042622986
photoshop,consistent_technical,photoshop_consistent_technical_001,2,5.876230728335994,10.421052631578947,0.08080808080808081,0.5050505050505051,0.0769835035349568,-0.18465522317440858,-0.028481024898772526,-1.332992908574885,-1.0988653868195015,0.9248480951646743,-1.7201464483028932
photoshop,consistent_technical,photoshop_consistent_technical_001,3,5.935826687931954,10.421052631578947,0.08585858585858586,0.5050505050505051,0.07686274509803921,-0.13221450008255417,-0.028481024898772526,-1.1970156027347012,-1.0988653868195015,0.9173754218321067,-1.5392010927034225
photoshop,consistent_technical,photoshop_consistent_technical_002,0,7.177584507042255,10.65,0.23943661971830985,1.408450704225352,0.06374228923920494,0.9604548416075636,0.054417415437727795,2.937843598799912,-0.054198214411228386,0.10546626575090896,4.0039839071848835
photoshop,consistent_technical,photoshop_consistent_technical_002,1,6.709696969696971,9.272727272727273,0.23039215686274508,0.0,0.0704529115744069,0.5487430250615792,-0.4442725751758882,2.6943349438093915,-1.6828919162760954,0.5207274255439914,1.6366409029629785
photoshop,consistent_technical,photoshop_consistent_technical_002,2,6.207997296688443,8.391304347826088,0.21761658031088082,0.0,0.07595870206489676,0.10727864046431103,-0.7634227198360586,2.35037162475404,-1.6828919162760954,0.8614321814449553,0.8727678105511523
photoshop,consistent_technical,photoshop_consistent_technical_002,3,6.348985507246379,8.347826086956522,0.22916666666666666,0.0,0.07573529411764705,0.2313394620235294,-0.7791655520838701,2.661340450480523,-1.6828919162760954,0.8476074363396845,1.2782298804837717
photoshop,consistent_technical,photoshop_consistent_technical_003,0,8.838285714285718,17.857142857142858,0.124,1.6,0.03062583222370173,2.4217682047582194,2.6640167581159577,-0.17011498902963063,0.16730412904239375,-1.9438188320494496,3.1391552708374904
photoshop,consistent_technical,photoshop_consistent_technical_003,1,8.258041152263377,16.2,0.13168724279835392,2.05761316872428,0.034,1.911189222410049,2.063989951870814,0.03685254285215515,0.6964754259544718,-1.7350213831493697,2.9734857599381206
photoshop,consistent_technical,photoshop_consistent_technical_003,2,8.209481481481479,16.2,0.12757201646090535,2.05761316872428,0.034,1.8684597443352002,2.063989951870814,-0.07394378042503216,0.6964754259544718,-1.7350213831493697,2.819959958586084
photoshop,consistent_technical,photoshop_consistent_technical_003,3,8.258041152263377,16.2,0.13168724279835392,2.05761316872428,0.03395472703062583,1.911189222410049,2.063989951870814,0.03685254285215515,0.6964754259544718,-1.7378229274518966,2.9706842156355937
photoshop,consistent_technical,photoshop_consistent_technical_004,0,6.811919191919195,9.0,0.16666666666666666,0.0,0.08516886930983847,0.6386921975513374,-0.5430230683667036,0.9786212907082447,-1.6828919162760954,1.4313681040731576,0.8227666076899409
photoshop,consistent_technical,photoshop_consistent_technical_004,1,5.309285714285714,6.222222222222222,0.17261904761904762,0.5952380952380952,0.11930405965202982,-0.6835314337713051,-1.5488151286435237,1.1388802583056048,-0.9945749351308242,3.5436936117832256,1.4556523725431778
photoshop,consistent_technical,photoshop_consistent_technical_004,2,5.554545454545455,6.769230769230769,0.18181818181818182,1.1363636363636365,0.10423452768729642,-0.4677181771052761,-1.3507514613890115,1.3865532082287975,-0.3688322249987593,2.611173346354552,1.8104246910903028
photoshop,consistent_technical,photoshop_consistent_technical_004,3,5.719069767441862,6.615384615384615,0.19186046511627908,1.1627906976744187,0.10866013071895425,-0.32294705515386424,-1.4064568678043432,1.6569266884459077,-0.3382726972946352,2.8850348387633185,2.4742849069563837
photoshop,consistent_technical,photoshop_consistent_technical_005,0,6.893184466019417,13.733333333333333,0.1407766990291262,1.941747572815534,0.055598455598455596,0.7102005643091786,1.1708466023449977,0.28157257727506785,0.562491633867702,-0.3984836861156216,2.3266276916813244
photoshop,consistent_technical,photoshop_consistent_technical_005,1,7.0914285714285725,14.285714285714286,0.115,2.5,0.06842539159109645,0.8846429981056252,1.370855537760046,-0.4124265480368386,1.2080394045340437,0.3952621173032751,3.4463735096661514
photoshop,consistent_technical,photoshop_consistent_technical_005,2,7.151574271499644,14.357142857142858,0.11442786069651742,2.487562189054726,0.06644790812141099,0.9375674584881143,1.3967187621671642,-0.4278305443253012,1.1936566616444408,0.2728931270554401,3.3730054650298587
photoshop,consistent_technical,photoshop_consistent_technical_005,3,7.2102807391613375,14.357142857142858,0.11940298507462686,2.487562189054726,0.06633906633906633,0.98922548422039,1.3967187621671642,-0.2938827505125827,1.1936566616444408,0.26615787024724585,3.5518760277666583
photoshop,consistent_technical,photoshop_consistent_technical_006,0,7.035400473933652,10.55,0.10900473933649289,0.47393364928909953,0.04911032028469751,0.8353417708745478,0.018208901267762395,-0.5738399878178383,-1.134848063989813,-0.7999770887695428,-1.655114468434884
photoshop,consistent_technical,photoshop_consistent_technical_006,1,6.955491468397021,11.526315789473685,0.1141552511415525,0.45662100456621,0.046643109540636045,0.7650268357631409,0.37171834224295214,-0.43517014946572447,-1.154867930739997,-0.9526509756098879,-1.4059438778095164
photoshop,consistent_technical,photoshop_consistent_technical_006,2,7.026422507882611,11.421052631578947,0.1152073732718894,0.4608294930875576,0.048728813559322036,0.8274417213610794,0.33360411680088276,-0.4068433323915113,-1.1500013502281434,-0.8235851711998754,-1.219384015657568
photoshop,consistent_technical,photoshop_consistent_technical_006,3,7.135178268251277,11.421052631578947,0.11981566820276497,0.4608294930875576,0.048591549295774646,0.9231399994457556,0.33360411680088276,-0.28277187360645867,-1.1500013502281434,-0.8320792443918392,-1.0081083519798029
photoshop,consistent_technical,photoshop_consistent_technical_007,0,6.911924528301888,10.6,0.1320754716981132,2.830188679245283,0.04809763101220388,0.7266906489313889,0.036313158352744776,0.04730502618019132,1.589860522376892,-0.862643485535717,1.5375258703055
photoshop,consistent_technical,photoshop_consistent_technical_007,1,6.147729772191678,10.578947368421053,0.12935323383084577,1.492537313432836,0.07003891050583658,0.054246982194298146,0.028690313264331278,-0.02598716288714544,0.04303723047622658,0.49510855514679214,0.5950959181945027
photoshop,consistent_technical,photoshop_consistent_technical_007,2,6.363328880577079,10.368421052631579,0.1319796954314721,1.5228426395939085,0.06800618238021638,0.24396073491078257,-0.047538137619806915,0.04472639323733584,0.07808147711079128,0.369320960967771,0.6885514286068738
photoshop,consistent_technical,photoshop_consistent_technical_007,3,6.4232273577344365,10.368421052631579,0.13705583756345177,1.5228426395939085,0.06790123456790123,0.2966676545665523,-0.047538137619806915,0.18139393920868807,0.07808147711079128,0.36282666757993937,0.8714316008461642
photoshop,consistent_technical,photoshop_consistent_technical_008,0,5.868427672955978,11.777777777777779,0.09433962264150944,2.358490566037736,0.05196850393700787,-0.19152142466236266,0.46276899191011694,-0.9686763533049578,1.0444017826013945,-0.6231093410296739,-0.27613634448548285
photoshop,consistent_technical,photoshop_consistent_technical_008,1,5.671415465268677,10.380952380952381,0.12385321100917432,0.45871559633027525,0.06150341685649203,-0.3648798653870096,-0.04300072982908419,-0.17406706338652678,-1.152445802365978,-0.03307777619242078,-1.7674712371610195
photoshop,consistent_technical,photoshop_consistent_technical_008,2,5.684391534391537,10.285714285714286,0.12037037037037036,0.46296296296296297,0.06287878787878788,-0.3534617348240307,-0.07748502903857504,-0.2678373461601098,-1.1475342642742177,0.05203179149526587,-1.7942865828016672
photoshop,consistent_technical,photoshop_consistent_technical_008,3,5.629761904761903,10.285714285714286,0.125,0.46296296296296297,0.06231003039513678,-0.40153239765823423,-0.07748502903857504,-0.14319148247327415,-1.1475342642742177,0.01683641310792837,-1.7529067603363728
photoshop,consistent_technical,photoshop_consistent_technical_009,0,6.809379671150975,12.38888888888889,0.11659192825112108,1.345291479820628,0.0624551328068916,0.6364575778506879,0.6840432451710172,-0.3695662573305313,-0.12723380642310558,0.02581552007957201,0.8495162793476402
photoshop,consistent_technical,photoshop_consistent_technical_009,1,7.2716915282859595,12.294117647058824,0.14832535885167464,0.4784688995215311,0.06181818181818182,1.0432631439740034,0.6497279866439258,0.4848089694991551,-1.129603625211954,-0.01359975216954235,1.0345967227355881
photoshop,consistent_technical,photoshop_consistent_technical_009,2,7.3433645922137,12.176470588235293,0.15458937198067632,0.4830917874396135,0.06322674418604651,1.106330964746776,0.60712973467926,0.6534581680469349,-1.1242578446219622,0.0735637348072253,1.316224757658234
photoshop,consistent_technical,photoshop_consistent_technical_009,3,7.651401515151516,12.375,0.15151515151515152,0.5050505050505051,0.07025411061285501,1.3773842221716974,0.679014284869633,0.5706893731876926,-1.0988653868195015,0.5084253894975038,2.036647882907025
photoshop,oscillatory,photoshop_oscillatory_000,0,9.87303191489362,19.583333333333332,0.15319148936170213,0.851063829787234,0.055408970976253295,3.3322802485999636,3.2890446812879808,0.6158222661899664,-0.6987450836598778,-0.4102092161854513,6.128192896232582
photoshop,oscillatory,photoshop_oscillatory_000,1,6.138034246575341,10.95,0.1552511415525114,1.82648401826484,0.06001395673412421,0.04571552506996697,0.163042957947624,0.671275325453034,0.42920402586829837,-0.12524731084727042,1.1839905234916528
photoshop,oscillatory,photoshop_oscillatory_000,2,7.037575757575759,12.222222222222221,0.15454545454545454,3.1818181818181817,0.06224627875507442,0.8372558846482889,0.6236957215544076,0.6522757566918029,1.9964752193004451,0.012891387047955767,4.122593969242901
photoshop,oscillatory,photoshop_oscillatory_000,3,6.717100515463915,12.125,0.15463917525773196,2.0618556701030926,0.04870384917517675,0.5552576830366232,0.5884929994447192,0.6547990469032705,0.7013813380003078,-0.8251299964926521,1.674801070892269
photoshop,oscillatory,photoshop_oscillatory_001,0,6.730099846390171,12.055555555555555,0.0967741935483871,1.3824884792626728,0.05522827687776141,0.5666962825340525,0.5633481979377986,-0.9031291675317226,-0.08422021813223964,-0.4213907783654435,-0.27869568355755464
photoshop,oscillatory,photoshop_oscillatory_001,1,6.1362804878048784,10.25,0.0975609756097561,2.4390243902439024,0.06501547987616099,0.04417232686198036,-0.09041664124213444,-0.8819462355440305,1.1375288845142841,0.1842527916691718,0.39359112625927134
photoshop,oscillatory,photoshop_oscillatory_001,2,6.2660121457489915,10.947368421052632,0.09615384615384616,2.4038461538461537,0.06302843966179862,0.15832808501434356,0.16209010231157261,-0.9198310946758641,1.0968497383490383,0.061292418881812485,0.5587292498809029
photoshop,oscillatory,photoshop_oscillatory_001,3,5.894659009332379,9.476190476190476,0.12060301507537688,2.0100502512562812,0.07036747458952307,-0.1684394866153845,-0.3706015723192486,-0.26157373491956526,0.6414749748275338,0.5154404849802265,0.356300665953562
photoshop,oscillatory,photoshop_oscillatory_002,0,7.177584507042255,10.65,0.23943661971830985,1.408450704225352,0.06374228923920494,0.9604548416075636,0.054417415437727795,2.937843598799912,-0.054198214411228386,0.10546626575090896,4.0039839071848835
photoshop,oscillatory,photoshop_oscillatory_002,1,6.155579710144927,7.961538461538462,0.21739130434782608,0.966183574879227,0.05386250885896527,0.06115443741920743,-0.9190345616701916,2.3443064058857463,-0.5656237729678291,-0.50590610096354,0.4148964077033931
photoshop,oscillatory,photoshop_oscillatory_002,2,5.998425225225226,8.88,0.22072072072072071,0.9009009009009009,0.043243243243243246,-0.0771316961071289,-0.5864732853706619,2.4339459694302152,-0.6411148637319011,-1.1630386790559135,-0.03381255483539025
photoshop,oscillatory,photoshop_oscillatory_002,3,6.093490099009902,8.416666666666666,0.2376237623762376,1.4851485148514851,0.06025824964131994,0.006519456684145554,-0.754239401024836,2.889035122264891,0.03449302677943279,-0.11013017999054357,2.0656780247130895
photoshop,oscillatory,photoshop_oscillatory_003,0,8.838285714285718,17.857142857142858,0.124,1.6,0.03062583222370173,2.4217682047582194,2.6640167581159577,-0.17011498902963063,0.16730412904239375,-1.9438188320494496,3.1391552708374904
photoshop,oscillatory,photoshop_oscillatory_003,1,5.871068965517242,11.6,0.09913793103448276,1.7241379310344827,0.04301833568406206,-0.18919725213877356,0.39839830005240007,-0.8394890658273203,0.3108538222136556,-1.1769562219016618,-1.4963904176017
photoshop,oscillatory,photoshop_oscillatory_003,2,7.925281870595775,15.928571428571429,0.11210762331838565,0.8968609865470852,0.06628652886671418,1.6183818330420272,1.9657096991237653,-0.4902994705877351,-0.6457865097074356,0.26290679000285394,2.7109123418734753
photoshop,oscillatory,photoshop_oscillatory_003,3,7.946330275229361,16.76923076923077,0.10550458715596331,0.45871559633027525,0.07215007215007214,1.6369031147933157,2.2700999556075416,-0.6680763579985719,-1.152445802365978,0.6257497072046434,2.7122306172409507
photoshop,oscillatory,photoshop_oscillatory_004,0,6.811919191919195,9.0,0.16666666666666666,0.0,0.08516886930983847,0.6386921975513374,-0.5430230683667036,0.9786212907082447,-1.6828919162760954,1.4313681040731576,0.8227666076899409
photoshop,oscillatory,photoshop_oscillatory_004,1,5.106871657754013,5.5,0.18716577540106952,0.5347593582887701,0.07511737089201878,-0.8616431641711878,-1.810321064315497,1.530529179118404,-1.0645108850867608,0.8093696243276103,-1.3965763101274313
photoshop,oscillatory,photoshop_oscillatory_004,2,5.07231712789828,5.457142857142857,0.20418848167539266,0.5235602094240838,0.07514880952380952,-0.8920489927545157,-1.8258389989597679,1.9888401231020734,-1.0774612731744955,0.8113150836378811,-0.9951940581488243
photoshop,oscillatory,photoshop_oscillatory_004,3,4.914306103856667,4.8108108108108105,0.19662921348314608,1.1235955056179776,0.08281733746130031,-1.0310888272232324,-2.059866229540935,1.7853181163668657,-0.38359694063108896,1.2858525626021535,-0.40338131842623737
photoshop,oscillatory,photoshop_oscillatory_005,0,6.893184466019417,13.733333333333333,0.1407766990291262,1.941747572815534,0.055598455598455596,0.7102005643091786,1.1708466023449977,0.28157257727506785,0.562491633867702,-0.3984836861156216,2.3266276916813244
photoshop,oscillatory,photoshop_oscillatory_005,1,5.668844884488447,11.222222222222221,0.12871287128712872,1.9801980198019802,0.06115965051628276,-0.3671418159587461,0.26161057985475233,-0.04322796803135651,0.6069546744646088,-0.05435043944218877,0.4038450308870698
photoshop,oscillatory,photoshop_oscillatory_005,2,5.46842105263158,11.0,0.12440191387559808,1.9138755980861244,0.05845674201091192,-0.5435022729204434,0.181147215032607,-0.15929405816487496,0.5302612479804705,-0.22160957945771784,-0.21299744752995872
photoshop,oscillatory,photoshop_oscillatory_005,3,5.167514778325124,10.15,0.12807881773399016,1.9704433497536946,0.061014263074484945,-0.8082810048091097,-0.12662515541209984,-0.060298913026363594,0.5956746419979059,-0.06334718440630452,-0.46287761565597174
photoshop,oscillatory,photoshop_oscillatory_006,0,7.035400473933652,10.55,0.10900473933649289,0.47393364928909953,0.04911032028469751,0.8353417708745478,0.018208901267762395,-0.5738399878178383,-1.134848063989813,-0.7999770887695428,-1.655114468434884
photoshop,oscillatory,photoshop_oscillatory_006,1,5.67429458740018,8.521739130434783,0.09693877551020408,1.0204081632653061,0.06454062262718299,-0.36234641769241077,-0.7161942230926254,-0.898698044003685,-0.5029199485984875,0.15486806964237007,-2.3252905637448387
photoshop,oscillatory,photoshop_oscillatory_006,2,6.131844938980617,9.476190476190476,0.10552763819095477,0.5025125628140703,0.06268882175226587,0.04026932086576062,-0.3706015723192486,-0.6674557433068484,-1.101800193500188,0.04027646537489686,-2.0593117228856275
photoshop,oscillatory,photoshop_oscillatory_006,3,6.013251974156496,9.476190476190476,0.09547738693467336,0.5025125628140703,0.06278366111951589,-0.0640850828748135,-0.3706015723192486,-0.9380437488983706,-1.101800193500188,0.04614523635783442,-2.428385361234786
photoshop,oscillatory,photoshop_oscillatory_007,0,6.911924528301888,10.6,0.1320754716981132,2.830188679245283,0.04809763101220388,0.7266906489313889,0.036313158352744776,0.04730502618019132,1.589860522376892,-0.862643485535717,1.5375258703055
photoshop,oscillatory,photoshop_oscillatory_007,1,5.967465034965034,9.454545454545455,0.11538461538461539,0.9615384615384616,0.05363703159441587,-0.10437473028785409,-0.3784389130486782,-0.40207135320747067,-0.5709952544260418,-0.5198588978438814,-1.9757391488139262
photoshop,oscillatory,photoshop_oscillatory_007,2,5.399846057832331,9.08695652173913,0.11004784688995216,0.9569377990430622,0.044294294294294295,-0.603843986312983,-0.5115374038710812,-0.5457558747632928,-0.5763153341478124,-1.0979984105592568,-3.335451009654426
photoshop,oscillatory,photoshop_oscillatory_007,3,5.165155279503107,9.130434782608695,0.10476190476190476,0.9523809523809523,0.044461190655614165,-0.810357216438217,-0.49579457162327034,-0.6880719723042976,-0.5815847464436614,-1.087670668495249,-3.6634791753046954
photoshop,oscillatory,photoshop_oscillatory_008,0,5.868427672955978,11.777777777777779,0.09433962264150944,2.358490566037736,0.05196850393700787,-0.19152142466236266,0.46276899191011694,-0.9686763533049578,1.0444017826013945,-0.6231093410296739,-0.27613634448548285
photoshop,oscillatory,photoshop_oscillatory_008,1,4.550084699453553,9.15,0.08743169398907104,1.639344262295082,0.08581436077057793,-1.3515809200080737,-0.4887102971117551,-1.1546620156697258,0.21280075310760244,1.47131187072161,-1.310840608960342
photoshop,oscillatory,photoshop_oscillatory_008,2,5.4364692982456155,10.105263157894736,0.07291666666666667,1.5625,0.07593856655290103,-0.5716178216155753,-0.14282370122497948,-1.545457448950173,0.12394015923024156,0.8601861724093235,-1.2757726401511627
photoshop,oscillatory,photoshop_oscillatory_008,3,5.067719298245617,10.105263157894736,0.0625,1.5625,0.07480653482373173,-0.8960947957464216,-0.14282370122497948,-1.8259106422455527,0.12394015923024156,0.7901347248242816,-1.9507542551624306
photoshop,oscillatory,photoshop_oscillatory_009,0,6.809379671150975,12.38888888888889,0.11659192825112108,1.345291479820628,0.0624551328068916,0.6364575778506879,0.6840432451710172,-0.3695662573305313,-0.12723380642310558,0.02581552007957201,0.8495162793476402
photoshop,oscillatory,photoshop_oscillatory_009,1,5.705754385964912,11.842105263157896,0.08888888888888889,1.7777777777777777,0.04674945215485756,-0.3346637594007488,0.4860610185691591,-1.1154292192305906,0.37288146741111455,-0.9460703702485334,-1.5372208628995991
photoshop,oscillatory,photoshop_oscillatory_009,2,6.246184419713831,13.058823529411764,0.0990990990990991,1.8018018018018018,0.04804804804804805,0.1408809242067931,0.9266166244142501,-0.8405345576942184,0.4006621888122932,-0.8657117373569111,-0.23808655761779307
photoshop,oscillatory,photoshop_oscillatory_009,3,6.299337572866985,13.058823529411764,0.0945945945945946,1.8018018018018018,0.04794007490636704,0.1876523799373666,0.9266166244142501,-0.9618116142543826,0.4006621888122932,-0.8723932416647537,-0.3192736627552265
photoshop,anchored,photoshop_anchored_000,0,6.365727332028705,10.428571428571429,0.1095890410958904,1.36986301369863,0.06317300789662599,0.24607122242162532,-0.025758580224338766,-0.5581085355678087,-0.09881995966780006,0.07023847036033648,-0.36637738267798575
photoshop,anchored,photoshop_anchored_000,1,6.649276094276093,9.818181818181818,0.13425925925925927,0.9259259259259259,0.06201550387596899,0.4955764275540449,-0.24677158879425826,0.10610024490039713,-0.6121766122723401,-0.0013892324179503326,-0.25866076103010666
photoshop,anchored,photoshop_anchored_000,2,5.521424418604656,8.958333333333334,0.09767441860465116,0.9302325581395349,0.06535947712418301,-0.49686262055517244,-0.5581099492708557,-0.8788919523272006,-0.6071965410909274,0.20553974376449527,-2.335521319479661
photoshop,anchored,photoshop_anchored_000,3,5.931343896713617,8.875,0.11737089201877934,0.9389671361502347,0.06370794559770938,-0.1361590764356014,-0.5882837110791604,-0.34859382122481986,-0.5970961150328506,0.10334104104199472,-1.5667916827304376
photoshop,anchored,photoshop_anchored_001,0,6.426376811594206,12.777777777777779,0.14347826086956522,0.8695652173913043,0.04830569574621485,0.2994389773016922,0.8248541336097722,0.35430809519853007,-0.6773505872986557,-0.8497681964132463,-0.04851757760190756
photoshop,anchored,photoshop_anchored_001,1,5.6447183098591545,11.833333333333334,0.15023474178403756,0.9389671361502347,0.06283118849356548,-0.38837169509597974,0.4828848331156533,0.5362162533972235,-0.5970961150328506,0.04908628585874599,0.08271956224279234
photoshop,anchored,photoshop_anchored_001,2,5.065900900900903,10.277777777777779,0.15675675675675677,1.0810810810810811,0.07087959009393681,-0.8976948718635206,-0.08035872063936596,0.7118117662758838,-0.43275945322306214,0.5471307914359048,-0.15187048801416003
photoshop,anchored,photoshop_anchored_001,3,5.292087912087911,9.904761904761905,0.15865384615384615,0.9615384615384616,0.06273620559334846,-0.6986644258224072,-0.21542222587653911,0.7628880650964142,-0.5709952544260418,0.04320863288791418,-0.6789852081406598
photoshop,anchored,photoshop_anchored_002,0,4.469107142857144,8.615384615384615,0.07142857142857142,1.7857142857142858,0.04900459418070444,-1.4228361133285137,-0.6822865844050326,-1.585522190849513,0.38205902715971835,-0.8065195437568033,-4.115105405180144
photoshop,anchored,photoshop_anchored_002,1,4.4920547945205485,8.11111111111111,0.0776255707762557,0.45662100456621,0.04331013147718484,-1.4026436127857336,-0.8648765276552861,-1.4186772382823987,-1.154867930739997,-1.1588995568976908,-5.999964866361106
photoshop,anchored,photoshop_anchored_002,2,4.34329268292683,6.833333333333333,0.08292682926829269,0.975609756097561,0.051587301587301584,-1.5335449818304667,-1.3275408753826234,-1.2759487705151007,-0.5547235959599436,-0.6466985883375568,-5.338456812025692
photoshop,anchored,photoshop_anchored_002,3,4.053526140155732,6.548387096774194,0.07389162561576355,0.9852216748768473,0.05204163330664532,-1.7885214455666634,-1.4307156738239228,-1.5192081352919846,-0.5436086371390947,-0.6185840100940792,-5.9006379019157436
photoshop,anchored,photoshop_anchored_003,0,6.524444444444445,13.0,0.1111111111111111,0.0,0.046661880832735106,0.3857323705692725,0.9053174984319176,-0.5171290735337807,-1.6828919162760954,-0.951489386097246,-1.8604605069059321
photoshop,anchored,photoshop_anchored_003,1,6.1250023474178406,10.65,0.10328638497652583,0.0,0.06339622641509433,0.03424826756270182,0.054417415437727795,-0.7277981389199811,-1.6828919162760954,0.08405149339103433,-2.2379728788046123
photoshop,anchored,photoshop_anchored_003,2,5.916917061611375,10.55,0.10426540284360189,0.0,0.06387832699619772,-0.14885379047020514,0.018208901267762395,-0.7014395449569686,-1.6828919162760954,0.11388444128257832,-2.4010919091529286
photoshop,anchored,photoshop_anchored_003,3,6.092619047619049,10.5,0.11904761904761904,0.0,0.06146926536731634,0.005752985851287806,0.00010464418277937528,-0.3034504500706342,-1.6828919162760954,-0.0351911102910131,-2.0156758466036755
photoshop,anchored,photoshop_anchored_004,0,5.306912793089264,10.045454545454545,0.12669683257918551,1.8099547511312217,0.05727204220045215,-0.6856194562517799,-0.16447951113524592,-0.0975067994025337,0.4100900354416524,-0.2949201895210338,-0.8324359208689409
photoshop,anchored,photoshop_anchored_004,1,4.743030303030306,9.272727272727273,0.11274509803921569,0.9803921568627451,0.06818181818181818,-1.1818008369696065,-0.4442725751758882,-0.47313641576195614,-0.5491933590956487,0.38018950981930655,-2.268213677183793
photoshop,anchored,photoshop_anchored_004,2,4.588695652173914,8.0,0.10326086956521739,1.6304347826086956,0.08916666666666667,-1.3176056925992272,-0.9051082100663588,-0.7284851032636319,0.20249807555660393,1.6787564809015842,-1.0699444494710297
photoshop,anchored,photoshop_anchored_004,3,4.588695652173914,8.0,0.10326086956521739,1.6304347826086956,0.08916666666666667,-1.3176056925992272,-0.9051082100663588,-0.7284851032636319,0.20249807555660393,1.6787564809015842,-1.0699444494710297
photoshop,anchored,photoshop_anchored_005,0,5.084258051365676,10.136363636363637,0.12556053811659193,3.1390134529147984,0.06497386109036594,-0.8815417257307091,-0.1315626800716406,-0.1280998308161236,1.946977006714214,0.1816773725209698,0.9874501426167105
photoshop,anchored,photoshop_anchored_005,1,4.872598858540563,10.136363636363637,0.1031390134529148,3.1390134529147984,0.0651685393258427,-1.0677885987744253,-0.1315626800716406,-0.7317658971021427,1.946977006714214,0.19372428945540554,0.20958412022141115
photoshop,anchored,photoshop_anchored_005,2,4.880454545454548,9.166666666666666,0.10454545454545454,3.1818181818181817,0.06343283582089553,-1.0608760848230518,-0.48267554475009455,-0.6938995711260201,1.9964752193004451,0.08631692624553884,-0.15465905515318273
photoshop,anchored,photoshop_anchored_005,3,4.791090909090908,8.8,0.10454545454545454,3.1818181818181817,0.06473214285714286,-1.1395105046863825,-0.6154400967066344,-0.6938995711260201,1.9964752193004451,0.1667195655013723,-0.28565538771721916
photoshop,anchored,photoshop_anchored_006,0,6.0525384615384645,10.4,0.15384615384615385,0.4807692307692308,0.06968124536693847,-0.02951542714618763,-0.036103869987186024,0.6334481297293162,-1.1269435853510685,0.47297581797616245,-0.08613893477896356
photoshop,anchored,photoshop_anchored_006,1,6.548394997394478,10.631578947368421,0.1485148514851485,0.49504950495049505,0.07853403141361257,0.40680736162008607,0.04774742598536566,0.4899107756588701,-1.1104302685909193,1.0207965740120872,0.8548318686854898
photoshop,anchored,photoshop_anchored_006,2,6.506842105263157,10.0,0.15263157894736842,1.5789473684210527,0.08629825889477669,0.3702434112332208,-0.18093792666704825,0.6007475144786807,0.14295944423557144,1.5012560526825556,2.4342684959629803
photoshop,anchored,photoshop_anchored_006,3,6.506842105263157,10.0,0.15263157894736842,1.5789473684210527,0.08629825889477669,0.3702434112332208,-0.18093792666704825,0.6007475144786807,0.14295944423557144,1.5012560526825556,2.4342684959629803
photoshop,anchored,photoshop_anchored_007,0,6.715757575757575,12.222222222222221,0.10909090909090909,0.9090909090909091,0.04985754985754986,0.5540759799522745,0.6236957215544076,-0.5715199958698542,-0.6316441632542267,-0.7537376487362931,-0.7791301063536921
photoshop,anchored,photoshop_anchored_007,1,6.084689573459716,10.55,0.11848341232227488,1.8957345971563981,0.05639913232104121,-0.0012244562684928385,0.018208901267762395,-0.31864087353957804,0.5092834928690338,-0.3489368739375495,-0.14130980960882417
photoshop,anchored,photoshop_anchored_007,2,6.1488095238095255,10.5,0.12380952380952381,1.9047619047619047,0.056793673616103525,0.05519709619503615,0.00010464418277937528,-0.175243275992746,0.5197224233887724,-0.3245221970879232,0.07525869068591873
photoshop,anchored,photoshop_anchored_007,3,6.251954887218048,11.052631578947368,0.12380952380952381,1.9047619047619047,0.05703971119133574,0.14595857528499956,0.2002043277536414,-0.175243275992746,0.5197224233887724,-0.30929710413228867,0.38134494630237864
photoshop,anchored,photoshop_anchored_008,0,5.432328794553467,10.318181818181818,0.12334801762114538,2.202643171806167,0.044920525224602624,-0.5752612063190493,-0.06572901794443062,-0.18766864088135196,0.8641841373011194,-1.059246508063717,-1.0237212359074295
photoshop,anchored,photoshop_anchored_008,1,4.673276868059478,10.043478260869565,0.09523809523809523,0.8658008658008658,0.03175723359209598,-1.2431795041277542,-0.1651950944192374,-0.9444863204600736,-0.6817035800647918,-1.8738063919265266,-4.908370890998384
photoshop,anchored,photoshop_anchored_008,2,4.3318307905686595,9.80952380952381,0.08737864077669903,0.970873786407767,0.03647898493259318,-1.5436307313903108,-0.24990652508602998,-1.1560903941808593,-0.5602001412041967,-1.5816188957499295,-5.0914466876113265
photoshop,anchored,photoshop_anchored_008,3,4.546580907244415,10.047619047619047,0.09004739336492891,0.9478672985781991,0.03554868624420402,-1.3546640383646953,-0.16369577706230284,-1.084238216374359,-0.5868042117035307,-1.6391868667960665,-4.828589110300954
photoshop,anchored,photoshop_anchored_009,0,6.783333333333335,14.0,0.12380952380952381,2.380952380952381,0.06572068707991038,0.6135384269835487,1.2674026401315728,-0.175243275992746,1.0703760083049894,0.22789183834703786,3.003965637774402
photoshop,anchored,photoshop_anchored_009,1,6.033940605368365,12.117647058823529,0.13106796116504854,1.941747572815534,0.06480117820324006,-0.04588037926929198,0.5858306086969275,0.020179309737626622,0.562491633867702,0.17099155347134914,1.2936127265043131
photoshop,anchored,photoshop_anchored_009,2,5.919377498572246,12.117647058823529,0.1262135922330097,1.941747572815534,0.06518518518518518,-0.14668875958179053,0.5858306086969275,-0.11051732403109399,0.562491633867702,0.1947543547028642,1.0858705136546092
photoshop,anchored,photoshop_anchored_009,3,6.033940605368365,12.117647058823529,0.13592233009708737,1.941747572815534,0.06518518518518518,-0.04588037926929198,0.5858306086969275,0.15087594350634723,0.562491633867702,0.1947543547028642,1.4480721615045489
python,consistent_basic,python_consistent_basic_000,0,10.245666666666668,22.22222222222222,0.075,3.5,0.0816,2.250069729557483,2.5853283038115276,0.03161723401878132,2.2553290525986647,-0.4785717067567478,6.643772613229708
python,consistent_basic,python_consistent_basic_000,1,5.026666666666667,10.0,0.03333333333333333,2.2222222222222223,0.1111111111111111,-0.7540492947590287,-1.0295575971679207,-1.1236908984707787,0.7881895787894413,1.3981545552395598,-0.7209536563687273
python,consistent_basic,python_consistent_basic_000,2,5.561611253196933,10.823529411764707,0.03804347826086957,2.717391304347826,0.10795454545454546,-0.44612877179472504,-0.7859877450163641,-0.9930908487110893,1.356740792647458,1.19741627591527,0.3289497030405495
python,consistent_basic,python_consistent_basic_000,3,5.369219948849107,10.823529411764707,0.03260869565217391,2.1739130434782608,0.10857142857142857,-0.556871515137199,-0.7859877450163641,-1.1437832138184234,0.7327211676813419,1.2366462710746453,-0.5172750352159996
python,consistent_basic,python_consistent_basic_001,0,6.395000000000003,14.76923076923077,0.057291666666666664,0.5208333333333334,0.0621172353455818,0.03357979094189105,0.3810062718855986,-0.45938872228928174,-1.165338524923927,-1.7175564384930457,-2.927697622878765
python,consistent_basic,python_consistent_basic_001,1,2.99479239766082,8.55,0.023391812865497075,1.1695906432748537,0.08349328214971209,-1.9236205050559572,-1.4584145154204824,-1.3993433651700424,-0.42043790535545683,-0.35817053587722414,-5.559986826879163
python,consistent_basic,python_consistent_basic_001,2,2.3129043478260876,6.44,0.031055900621118012,1.8633540372670807,0.08374875373878365,-2.3161234487161613,-2.0824752723259348,-1.1868381752776616,0.37613852484356153,-0.3419241045382152,-5.551222476014411
python,consistent_basic,python_consistent_basic_001,3,2.4594881987577644,6.44,0.037267080745341616,1.8633540372670807,0.08341608738828203,-2.2317480252171333,-2.0824752723259348,-1.0146183294407085,0.37613852484356153,-0.363079650804103,-5.315782752944317
python,consistent_basic,python_consistent_basic_002,0,5.8096710526315825,11.875,0.06842105263157895,1.0526315789473684,0.07776838546069316,-0.30334257469762427,-0.47500123735857347,-0.15079983953220166,-0.5547298480382232,-0.7222389683752584,-2.206112468001881
python,consistent_basic,python_consistent_basic_002,1,5.566061390532543,10.5625,0.03550295857988166,1.7751479289940828,0.12878787878787878,-0.4435672193458408,-0.8631906892251165,-1.063532841867772,0.2748606144517659,2.522288919455585,0.4268587834686213
python,consistent_basic,python_consistent_basic_002,2,6.048750000000002,10.666666666666666,0.04375,1.25,0.12967798085291557,-0.16572586381373183,-0.8323820025690419,-0.8348638653483889,-0.32811219476105485,2.578893969500032,0.41781004300781444
python,consistent_basic,python_consistent_basic_002,3,5.81960248447205,10.733333333333333,0.037267080745341616,1.2422360248447204,0.12990409764603314,-0.29762592336007865,-0.8126644431091541,-1.0146183294407085,-0.33702676083199945,2.5932736152654656,0.13133815852352493
python,consistent_basic,python_consistent_basic_003,0,7.146323529411767,15.583333333333334,0.09090909090909091,1.6042780748663101,0.0774526678141136,0.46605062982338263,0.6217880075976912,0.47273488460570445,0.0786685126366431,-0.7423166806809954,0.8969253539824259
python,consistent_basic,python_consistent_basic_003,1,5.494370370370373,12.6,0.047619047619047616,0.5291005291005291,0.0893760539629005,-0.4848334307928295,-0.2605727782322927,-0.7275852530457868,-1.1558461629039396,0.015937789409978538,-2.6128998355648703
python,consistent_basic,python_consistent_basic_003,2,5.344975922953452,12.714285714285714,0.0449438202247191,0.5617977528089888,0.08828828828828829,-0.5708266673539376,-0.2267712477296278,-0.801762340204025,-1.1183033378361251,-0.05323745786406483,-2.77090105098778
python,consistent_basic,python_consistent_basic_003,3,5.578525345622118,13.285714285714286,0.04838709677419355,0.5376344086021505,0.0847018150388937,-0.4363928172376168,-0.0577635952163025,-0.7062892506035829,-1.1460475956575014,-0.2813152320198429,-2.6278084907348465
python,consistent_basic,python_consistent_basic_004,0,7.045192307692307,16.0,0.07211538461538461,0.4807692307692308,0.0731331793687452,0.40783828509837805,0.7450227542219904,-0.04836563669203449,-1.2113399716361726,-1.0170097402981357,-1.1238543093059743
python,consistent_basic,python_consistent_basic_004,1,4.80844186046512,12.9,0.03875968992248062,0.7751937984496124,0.07908163265306123,-0.8796621117522941,-0.1718437606627969,-0.9732321649372547,-0.8732828283554831,-0.6387244749652784,-3.5367453406731073
python,consistent_basic,python_consistent_basic_004,2,3.953663594470047,11.071428571428571,0.025806451612903226,0.6451612903225806,0.07379679144385026,-1.3716827383949608,-0.7126682487054367,-1.3323917224043769,-1.0225856483523772,-0.9748080690551088,-5.41413642691226
python,consistent_basic,python_consistent_basic_004,3,4.196238698010852,11.285714285714286,0.03164556962025317,0.6329113924050633,0.07194994786235662,-1.2320535980668368,-0.6492903790129395,-1.1704881899133939,-1.036650933488404,-1.0922560308800184,-5.180739131361593
python,consistent_basic,python_consistent_basic_005,0,5.76173076923077,13.0,0.0625,1.4423076923076923,0.0828125,-0.33093757707269733,-0.14226742147296514,-0.3149752057280867,-0.10730525054227541,-0.401464118902702,-1.2969495737187264
python,consistent_basic,python_consistent_basic_005,1,4.616651685393261,11.866666666666667,0.028089887640449437,0.5617977528089888,0.09165154264972777,-0.9900588378703943,-0.4774659322910593,-1.2690779893009256,-1.1183033378361251,0.16064495957939887,-3.694261137719105
python,consistent_basic,python_consistent_basic_005,2,4.749235955056182,11.866666666666667,0.033707865168539325,0.5617977528089888,0.0902461257976299,-0.9137417413347569,-0.4774659322910593,-1.1133061062686256,-1.1183033378361251,0.07126903925387815,-3.551548078476689
python,consistent_basic,python_consistent_basic_005,3,4.616651685393261,11.866666666666667,0.028089887640449437,0.5617977528089888,0.09074243813015583,-0.9900588378703943,-0.4774659322910593,-1.2690779893009256,-1.1183033378361251,0.10283146959061151,-3.7520746277078927
python,consistent_basic,python_consistent_basic_006,0,7.433385964912283,17.1,0.08187134502923976,2.9239766081871346,0.08277830637488107,0.6312872122441016,1.0703624853101412,0.22214173306091928,1.59394123488604,-0.4036386244308721,3.11409404107033
python,consistent_basic,python_consistent_basic_006,1,5.807019027484145,15.636363636363637,0.029069767441860465,1.1627906976744187,0.09619047619047619,-0.3048691121949192,0.6374724298953293,-1.2419084748185478,-0.42824557644166406,0.4492933857706863,-0.8882573477891156
python,consistent_basic,python_consistent_basic_006,2,4.478803888419275,12.071428571428571,0.023668639053254437,1.183431952662722,0.09441233140655106,-1.0694056838848935,-0.41690485680711814,-1.3916676960659906,-0.40454536775986305,0.33621424750782347,-2.946309357010042
python,consistent_basic,python_consistent_basic_006,3,4.478803888419275,12.071428571428571,0.023668639053254437,1.183431952662722,0.09423076923076923,-1.0694056838848935,-0.41690485680711814,-1.3916676960659906,-0.40454536775986305,0.3246680030376633,-2.957855601480202
python,consistent_basic,python_consistent_basic_007,0,8.93806060606061,19.8,0.07575757575757576,2.0202020202020203,0.07741420590582601,1.4973959907227965,1.868923643435601,0.05262283642768255,0.5562307687010266,-0.7447626229262073,3.2304106163608997
python,consistent_basic,python_consistent_basic_007,1,6.299771366358193,15.181818181818182,0.03592814371257485,1.1976047904191616,0.07224334600760456,-0.021234953258727478,0.5030345244870025,-1.0517435656690337,-0.38827217058114155,-1.0735977024174042,-2.0318138674393045
python,consistent_basic,python_consistent_basic_007,2,6.379827323514476,16.272727272727273,0.03910614525139665,1.1173184357541899,0.08648648648648649,0.02484621629541258,0.8256854974669866,-0.9636258611202699,-0.4804566506885368,-0.16782103784592967,-0.7613718358923371
python,consistent_basic,python_consistent_basic_007,3,5.952727272727273,14.666666666666666,0.03787878787878788,1.5151515151515151,0.09929906542056074,-0.22099769783687043,0.3506715650242322,-0.9976572840173722,-0.02366625652001047,0.6469806576559542,-0.24466901569406663
python,consistent_basic,python_consistent_basic_008,0,6.851979695431474,15.153846153846153,0.08629441624365482,2.5380710659898478,0.07873376623376624,0.2966227870660618,0.49476142261572076,0.3447819765311798,1.1508459925317345,-0.6608466526867308,1.6261655260579664
python,consistent_basic,python_consistent_basic_008,1,4.076190476190476,8.571428571428571,0.07777777777777778,2.7777777777777777,0.0937766410912191,-1.3011547950405788,-1.452076728451233,0.10863777618475211,1.4260763065325817,0.29578822949757544,-0.9227292112769031
python,consistent_basic,python_consistent_basic_008,2,3.785152979066023,8.217391304347826,0.07407407407407407,1.5873015873015872,0.08970099667774087,-1.4686794706299697,-1.556787991421445,0.00594371996345772,0.05917617565442329,0.03660215966324498,-2.923745406770289
python,consistent_basic,python_consistent_basic_008,3,3.9255502392344503,8.636363636363637,0.06842105263157895,1.5789473684210527,0.09038142620232173,-1.3878651230089911,-1.4328713133929005,-0.15079983953220166,0.04958389403422581,0.07987331788601261,-2.8420790640138547
python,consistent_basic,python_consistent_basic_009,0,8.266089108910894,16.833333333333332,0.07425742574257425,1.4851485148514851,0.08952837729816147,1.110601133779721,0.9914922474705888,0.011027584132828741,-0.05811558475096316,0.025624622363262184,2.080630002995438
python,consistent_basic,python_consistent_basic_009,1,3.9611220472440962,10.583333333333334,0.03937007874015748,0.7874015748031497,0.10970996216897856,-1.3673895634820488,-0.8570289518939014,-0.9563076729762283,-0.8592659070353628,1.3090500478976304,-2.730942047489911
python,consistent_basic,python_consistent_basic_009,2,5.581257861635219,12.23076923076923,0.0440251572327044,1.8867924528301887,0.12827715355805244,-0.4348199482322125,-0.36977772293321043,-0.8272344720206276,0.4030504224162243,2.4898099169581727,1.2610281961883465
python,consistent_basic,python_consistent_basic_009,3,4.791479885057473,10.875,0.040229885057471264,1.7241379310344827,0.1317157712305026,-0.8894256283286689,-0.770764629256892,-0.932467483438024,0.21629113322662538,2.7084849802777,0.3321183724807404
python,consistent_technical,python_consistent_technical_000,0,10.245666666666668,22.22222222222222,0.075,3.5,0.0816,2.250069729557483,2.5853283038115276,0.03161723401878132,2.2553290525986647,-0.4785717067567478,6.643772613229708
python,consistent_technical,python_consistent_technical_000,1,7.174747474747477,11.0,0.12626262626262627,3.0303030303030303,0.09283018867924528,0.48241179382590027,-0.7337942052696022,1.4529963303544224,1.7160248191431002,0.23559964186380622,3.153238379917627
python,consistent_technical,python_consistent_technical_000,2,7.312514619883043,9.473684210526315,0.14444444444444443,2.7777777777777777,0.10534469403563129,0.5617122156744397,-1.1852225402722991,1.957130788168048,1.4260763065325817,1.0314456799813059,3.7911424500840765
python,consistent_technical,python_consistent_technical_000,3,7.1617272462925285,9.526315789473685,0.143646408839779,2.7624309392265194,0.10465116279069768,0.47491719409368005,-1.1696560459618608,1.9350033395899793,1.4084551262081857,0.9873413324363618,3.636060946366346
python,consistent_technical,python_consistent_technical_001,0,6.395000000000003,14.76923076923077,0.057291666666666664,0.5208333333333334,0.0621172353455818,0.03357979094189105,0.3810062718855986,-0.45938872228928174,-1.165338524923927,-1.7175564384930457,-2.927697622878765
python,consistent_technical,python_consistent_technical_001,1,9.409444444444446,16.615384615384617,0.14351851851851852,3.240740740740741,0.0476529160739687,1.768730184369898,0.9270309953901869,1.9314572741127247,1.957648579651866,-2.637398722191918,3.9474683113327576
python,consistent_technical,python_consistent_technical_001,2,8.512262295081968,12.2,0.12021857923497267,1.639344262295082,0.07385079125847777,1.25230137364428,-0.3788781349916202,1.285410649933681,0.11893137263270359,-0.9713740109516098,1.3063912502674349
python,consistent_technical,python_consistent_technical_001,3,9.130851063829788,14.461538461538462,0.12234042553191489,3.1914893617021276,0.06953892668178382,1.6083684915641598,0.2900021513015004,1.344243920719686,1.9010983378306652,-1.2455822391266025,3.8981306622894083
python,consistent_technical,python_consistent_technical_002,0,5.8096710526315825,11.875,0.06842105263157895,1.0526315789473684,0.07776838546069316,-0.30334257469762427,-0.47500123735857347,-0.15079983953220166,-0.5547298480382232,-0.7222389683752584,-2.206112468001881
python,consistent_technical,python_consistent_technical_002,1,7.300675287356324,10.875,0.13218390804597702,2.2988505747126435,0.1031426269137792,0.5548973538084259,-0.770764629256892,1.61717805033204,0.8761739550298743,0.8914076725101993,3.1688924024236473
python,consistent_technical,python_consistent_technical_002,2,6.015944272445822,8.947368421052632,0.12352941176470589,2.3529411764705883,0.11320754716981132,-0.18460923423949482,-1.340887483376677,1.3772114118595635,0.9382805735525332,1.5314750728285227,2.3214703406244475
python,consistent_technical,python_consistent_technical_002,3,6.501826625386997,8.947368421052632,0.14705882352941177,2.3529411764705883,0.11138014527845036,0.09507047835875264,-1.340887483376677,2.029620710206609,0.9382805735525332,1.41526348364686,3.137347762388078
python,consistent_technical,python_consistent_technical_003,0,7.146323529411767,15.583333333333334,0.09090909090909091,1.6042780748663101,0.0774526678141136,0.46605062982338263,0.6217880075976912,0.47273488460570445,0.0786685126366431,-0.7423166806809954,0.8969253539824259
python,consistent_technical,python_consistent_technical_003,1,7.343125000000001,12.0,0.14583333333333334,2.0833333333333335,0.09814528593508501,0.5793319177727178,-0.4380308133712837,1.995641059251034,0.6287178968536562,0.5736073355606827,3.339267396066807
python,consistent_technical,python_consistent_technical_003,2,7.650060975609758,17.083333333333332,0.08780487804878048,0.4878048780487805,0.09183673469387756,0.7560079483487708,1.0654330954451685,0.3866631479058168,-1.2032616687989002,0.17242204148797596,1.177264564388832
python,consistent_technical,python_consistent_technical_003,3,7.592499999999998,17.083333333333332,0.09268292682926829,0.4878048780487805,0.09219858156028368,0.722875160096711,1.0654330954451685,0.5219187341484972,-1.2032616687989002,0.19543329018168462,1.3023986110731613
python,consistent_technical,python_consistent_technical_004,0,7.045192307692307,16.0,0.07211538461538461,0.4807692307692308,0.0731331793687452,0.40783828509837805,0.7450227542219904,-0.04836563669203449,-1.2113399716361726,-1.0170097402981357,-1.1238543093059743
python,consistent_technical,python_consistent_technical_004,1,6.336000000000002,12.5,0.095,1.0,0.08030888030888031,-0.00038131701646827775,-0.2901491174221244,0.5861651376137703,-0.6151612222454681,-0.5606790263551819,-0.8802055454254722
python,consistent_technical,python_consistent_technical_004,2,8.408763440860216,15.5,0.12365591397849462,0.5376344086021505,0.0840466926070039,1.1927261912410372,0.5971410582728311,1.380718988732397,-1.1460475956575014,-0.32297701385250177,1.7015616287362625
python,consistent_technical,python_consistent_technical_004,3,7.437608695652177,14.153846153846153,0.11413043478260869,1.0869565217391304,0.08391070053887606,0.633717866727773,0.1989980307174022,1.1166022627915855,-0.5153180822508896,-0.3316252780509519,1.1023747999349192
python,consistent_technical,python_consistent_technical_005,0,5.76173076923077,13.0,0.0625,1.4423076923076923,0.0828125,-0.33093757707269733,-0.14226742147296514,-0.3149752057280867,-0.10730525054227541,-0.401464118902702,-1.2969495737187264
python,consistent_technical,python_consistent_technical_005,1,8.30943925233645,16.46153846153846,0.13551401869158877,1.8691588785046729,0.06949524506217995,1.1355539965065964,0.8815289350981369,1.7095133441952077,0.38280362097137055,-1.2483601231028603,2.861039773668451
python,consistent_technical,python_consistent_technical_005,2,8.132417061611374,16.23076923076923,0.13270142180094788,1.8957345971563981,0.07248520710059171,1.0336578993838936,0.8132758446600636,1.631527358727073,0.41331775774607904,-1.058216815426903,2.833562045090206
python,consistent_technical,python_consistent_technical_005,3,8.666037735849056,17.666666666666668,0.1320754716981132,1.8867924528301887,0.07095343680709534,1.3408163625465728,1.2379617407191883,1.6141713928629713,0.4030504224162243,-1.1556280422128737,3.4403718763320827
python,consistent_technical,python_consistent_technical_006,0,7.433385964912283,17.1,0.08187134502923976,2.9239766081871346,0.08277830637488107,0.6312872122441016,1.0703624853101412,0.22214173306091928,1.59394123488604,-0.4036386244308721,3.11409404107033
python,consistent_technical,python_consistent_technical_006,1,8.992766839378238,12.866666666666667,0.16062176165803108,2.5906735751295336,0.08734270910436713,1.528885555056612,-0.1817025403927408,2.405685655497328,1.2112439888988815,-0.11337051353182413,4.850742145528257
python,consistent_technical,python_consistent_technical_006,2,8.564787564766842,12.866666666666667,0.14507772020725387,2.5906735751295336,0.08792846497764531,1.2825355491410584,-0.1817025403927408,1.9746898755012228,1.2112439888988815,-0.07612002078145642,4.210646852366966
python,consistent_technical,python_consistent_technical_006,3,8.442507772020726,12.866666666666667,0.14507772020725387,2.5906735751295336,0.08858858858858859,1.212149833165184,-0.1817025403927408,1.9746898755012228,1.2112439888988815,-0.03414019453375388,4.182240962638793
python,consistent_technical,python_consistent_technical_007,0,8.93806060606061,19.8,0.07575757575757576,2.0202020202020203,0.07741420590582601,1.4973959907227965,1.868923643435601,0.05262283642768255,0.5562307687010266,-0.7447626229262073,3.2304106163608997
python,consistent_technical,python_consistent_technical_007,1,8.102293956043958,11.375,0.13736263736263737,1.6483516483516483,0.08832807570977919,1.0163186783632827,-0.6228829333077328,1.7607707246240356,0.12927361826355963,-0.05070722108213054,2.2327728668610143
python,consistent_technical,python_consistent_technical_007,2,7.0478571428571435,10.5,0.125,0.5952380952380952,0.10330578512396695,0.40937219619539894,-0.8816759012187615,1.4179869930062536,-1.079907266744042,0.9017835372740426,0.7675595585128918
python,consistent_technical,python_consistent_technical_007,3,6.977271762208069,8.722222222222221,0.12101910828025478,0.6369426751592356,0.11242603550295859,0.36874240411904197,-1.4074774868157724,1.3076072351250856,-1.0320222303120046,1.481775708283525,0.7186256303998755
python,consistent_technical,python_consistent_technical_008,0,6.851979695431474,15.153846153846153,0.08629441624365482,2.5380710659898478,0.07873376623376624,0.2966227870660618,0.49476142261572076,0.3447819765311798,1.1508459925317345,-0.6608466526867308,1.6261655260579664
python,consistent_technical,python_consistent_technical_008,1,7.929261221076107,12.411764705882353,0.13744075829383887,3.3175355450236967,0.06167400881057269,0.9167189598450917,-0.31624588729550535,1.7629368145552693,2.045824075192979,-1.745742936627033,2.663491025670802
python,consistent_technical,python_consistent_technical_008,2,9.624102564102568,15.0,0.17435897435897435,3.58974358974359,0.06451612903225806,1.8922899737910464,0.44925936232367186,2.7865827807246553,2.3583722932340954,-1.5650014647215758,5.921502945351893
python,consistent_technical,python_consistent_technical_008,3,10.796107811786204,18.09090909090909,0.17587939698492464,3.5175879396984926,0.061677061677061676,2.5669102575935363,1.3634371191002925,2.8287401397146112,2.2755234565422917,-1.7455487929808422,7.28906217996989
python,consistent_technical,python_consistent_technical_009,0,8.266089108910894,16.833333333333332,0.07425742574257425,1.4851485148514851,0.08952837729816147,1.110601133779721,0.9914922474705888,0.011027584132828741,-0.05811558475096316,0.025624622363262184,2.080630002995438
python,consistent_technical,python_consistent_technical_009,1,6.958107444777749,10.157894736842104,0.13471502590673576,3.1088082901554404,0.08752904725019364,0.35771119304786636,-0.9828581142366075,1.6873593555038198,1.8061642531152822,-0.10152054656285271,2.7668561408675085
python,consistent_technical,python_consistent_technical_009,2,8.771046270718234,11.3125,0.18232044198895028,2.7624309392265194,0.09512937595129375,1.4012605352455767,-0.6413681453013776,3.0073335399117815,1.4084551262081857,0.3818138971812355,5.557494953245401
python,consistent_technical,python_consistent_technical_009,3,8.9451510989011,11.375,0.18681318681318682,2.7472527472527473,0.0924812030075188,1.5014773634826921,-0.6228829333077328,3.1319056510951615,1.3910275852280136,0.21340628652982468,5.614933953027959
python,oscillatory,python_oscillatory_000,0,10.245666666666668,22.22222222222222,0.075,3.5,0.0816,2.250069729557483,2.5853283038115276,0.03161723401878132,2.2553290525986647,-0.4785717067567478,6.643772613229708
python,oscillatory,python_oscillatory_000,1,7.562609970674487,16.90909090909091,0.043010752688172046,1.6129032258064515,0.10740439381611067,0.705670100557691,1.0138985650386438,-0.8553612676990099,0.08857187739373851,1.1624299948483354,2.115209270139399
python,oscillatory,python_oscillatory_000,2,5.766612798965742,10.705882352941176,0.06593406593406594,2.197802197802198,0.11442385173247381,-0.3281274221763362,-0.8207834381808726,-0.21975750250092507,0.7601506017457869,1.608824607610193,1.000306846497846
python,oscillatory,python_oscillatory_000,3,5.755577956989249,11.625,0.05913978494623656,2.150537634408602,0.11182622687047465,-0.33447920962832084,-0.5489420853331531,-0.40814521641272855,0.7058816139193584,1.4436315459537352,0.8579466484988911
python,oscillatory,python_oscillatory_001,0,6.395000000000003,14.76923076923077,0.057291666666666664,0.5208333333333334,0.0621172353455818,0.03357979094189105,0.3810062718855986,-0.45938872228928174,-1.165338524923927,-1.7175564384930457,-2.927697622878765
python,oscillatory,python_oscillatory_001,1,4.144085106382981,9.4,0.0425531914893617,0.0,0.06477272727272727,-1.2620738312141295,-1.2070156323069117,-0.8680482478773442,-1.7633573321831213,-1.5486833852410204,-6.649178428822527
python,oscillatory,python_oscillatory_001,2,6.2064285714285745,14.285714285714286,0.075,1.0,0.09061748195669607,-0.07496418606787535,0.23799979668201604,0.03161723401878132,-0.6151612222454681,0.09488502082941268,-0.3256233567831334
python,oscillatory,python_oscillatory_001,3,5.412222222222223,13.846153846153847,0.05555555555555555,0.0,0.09637488947833775,-0.5321188905867035,0.10799391013330452,-0.5075265611430134,-1.7633573321831213,0.46102094353995554,-2.233987930239578
python,oscillatory,python_oscillatory_002,0,5.8096710526315825,11.875,0.06842105263157895,1.0526315789473684,0.07776838546069316,-0.30334257469762427,-0.47500123735857347,-0.15079983953220166,-0.5547298480382232,-0.7222389683752584,-2.206112468001881
python,oscillatory,python_oscillatory_002,1,2.4802841781874037,6.642857142857143,0.021505376344086023,0.0,0.08852459016393442,-2.2197776099203574,-2.0224775556837042,-1.4516493360807183,-1.7633573321831213,-0.038210103112345115,-7.4954719369802465
python,oscillatory,python_oscillatory_002,2,5.299639266706091,9.368421052631579,0.09550561797752809,1.6853932584269662,0.09582309582309582,-0.5969229906977958,-1.2163555288931747,0.6001846070866772,0.17180465085786703,0.42593024024191667,-0.6153590214045095
python,oscillatory,python_oscillatory_002,3,4.732153660012099,9.157894736842104,0.07471264367816093,1.7241379310344827,0.09798994974874371,-0.9235745153376156,-1.278621506134926,0.023649591725750107,0.21629113322662538,0.5637289036965804,-1.398526392823586
python,oscillatory,python_oscillatory_003,0,7.146323529411767,15.583333333333334,0.09090909090909091,1.6042780748663101,0.0774526678141136,0.46605062982338263,0.6217880075976912,0.47273488460570445,0.0786685126366431,-0.7423166806809954,0.8969253539824259
python,oscillatory,python_oscillatory_003,1,5.243444040036394,11.214285714285714,0.050955414012738856,0.6369426751592356,0.08870967741935484,-0.6292696374719317,-0.6704163355771056,-0.6350765035834743,-1.0320222303120046,-0.0264396851263703,-2.993224392070886
python,oscillatory,python_oscillatory_003,2,8.092142857142857,17.5,0.06285714285714286,2.2857142857142856,0.11291702309666382,1.0104755840297865,1.1886678420694683,-0.30507256459246174,0.8610909191029429,1.5129995177819773,4.268161298391713
python,oscillatory,python_oscillatory_003,3,7.329665621734588,15.818181818181818,0.05172413793103448,1.1494252873563218,0.11367521367521367,0.5715845381401063,0.6912475920586598,-0.613761791716766,-0.44359168857662346,1.561215803675291,1.7666944535806677
python,oscillatory,python_oscillatory_004,0,7.045192307692307,16.0,0.07211538461538461,0.4807692307692308,0.0731331793687452,0.40783828509837805,0.7450227542219904,-0.04836563669203449,-1.2113399716361726,-1.0170097402981357,-1.1238543093059743
python,oscillatory,python_oscillatory_004,1,4.271867256637169,11.3,0.02654867256637168,0.0,0.08273894436519258,-1.1885208922322028,-0.6450651877001065,-1.3118118687168665,-1.7633573321831213,-0.4061418076227623,-5.3148970884550595
python,oscillatory,python_oscillatory_004,2,4.278750000000002,10.666666666666666,0.0625,0.625,0.0851063829787234,-1.184559102564493,-0.8323820025690419,-0.3149752057280867,-1.045734763472088,-0.2555871842150183,-3.6332382585487273
python,oscillatory,python_oscillatory_004,3,4.469090909090912,11.0,0.05454545454545454,0.9090909090909091,0.10354223433242507,-1.0749965913351958,-0.7337942052696022,-0.5355340310215483,-0.7195426867852548,0.9168202614919433,-2.1470472529196574
python,oscillatory,python_oscillatory_005,0,5.76173076923077,13.0,0.0625,1.4423076923076923,0.0828125,-0.33093757707269733,-0.14226742147296514,-0.3149752057280867,-0.10730525054227541,-0.401464118902702,-1.2969495737187264
python,oscillatory,python_oscillatory_005,1,3.804630136986301,9.733333333333333,0.0273972602739726,0.684931506849315,0.09419496166484119,-1.4574681848189095,-1.1084278350074726,-1.288282742003538,-0.9769216404450026,0.32239086074023166,-4.508709541534691
python,oscillatory,python_oscillatory_005,2,7.127469771607704,18.454545454545453,0.054187192118226604,1.477832512315271,0.09001636661211129,0.45519818059957695,1.4709874434269536,-0.5454677149193535,-0.06651579040333834,0.05665775959808401,1.3708598783019228
python,oscillatory,python_oscillatory_005,3,6.8368293775190345,18.454545454545453,0.04433497536945813,0.49261083743842365,0.0895645028759244,0.28790208228253944,1.4709874434269536,-0.8186440221090032,-1.1977434849231934,0.02792198826935168,-0.22957599305335172
python,oscillatory,python_oscillatory_006,0,7.433385964912283,17.1,0.08187134502923976,2.9239766081871346,0.08277830637488107,0.6312872122441016,1.0703624853101412,0.22214173306091928,1.59394123488604,-0.4036386244308721,3.11409404107033
python,oscillatory,python_oscillatory_006,1,4.712974644403218,13.363636363636363,0.04081632653061224,0.6802721088435374,0.07918552036199095,-0.9346141868567384,-0.03471709714630397,-0.9162069889624497,-0.9822715431098878,-0.6321178517543475,-3.4999276678297275
python,oscillatory,python_oscillatory_006,2,4.219153439153441,11.571428571428571,0.04938271604938271,1.2345679012345678,0.08849557522123894,-1.2188635981044416,-0.5647865527562774,-0.6786833215118372,-0.3458312705316977,-0.04005527609623974,-2.848220019000494
python,oscillatory,python_oscillatory_006,3,3.291477987421384,8.833333333333334,0.05660377358490566,1.2578616352201257,0.08439646712463199,-1.7528447195720955,-1.3746148877159587,-0.4784622056086848,-0.3190854957835576,-0.30073349274147937,-4.225740801421776
python,oscillatory,python_oscillatory_007,0,8.93806060606061,19.8,0.07575757575757576,2.0202020202020203,0.07741420590582601,1.4973959907227965,1.868923643435601,0.05262283642768255,0.5562307687010266,-0.7447626229262073,3.2304106163608997
python,oscillatory,python_oscillatory_007,1,7.8123809523809555,17.142857142857142,0.03333333333333333,0.0,0.11515863689776733,0.8494412747034304,1.08303805924864,-1.1236908984707787,-1.7633573321831213,1.6555524523002711,0.7009835555984414
python,oscillatory,python_oscillatory_007,2,7.263716915995399,14.363636363636363,0.06329113924050633,1.8987341772151898,0.10948905109489052,0.5336236717787061,0.2610462947520146,-0.29303897536436074,0.41676186390103015,1.295001454039341,2.2133943091067314
python,oscillatory,python_oscillatory_007,3,7.323891891891893,14.8,0.05405405405405406,2.027027027027027,0.1147227533460803,0.5682611099619683,0.3901066839440084,-0.5491592866381325,0.5640672149877974,1.6278329230171031,2.6011086452727445
python,oscillatory,python_oscillatory_008,0,6.851979695431474,15.153846153846153,0.08629441624365482,2.5380710659898478,0.07873376623376624,0.2966227870660618,0.49476142261572076,0.3447819765311798,1.1508459925317345,-0.6608466526867308,1.6261655260579664
python,oscillatory,python_oscillatory_008,1,3.647589285714286,9.142857142857142,0.03125,1.5625,0.08241082410824108,-1.5478627831904594,-1.2830690759379082,-1.181456305095257,0.030699089594461756,-0.42700825012963267,-4.408697324758795
python,oscillatory,python_oscillatory_008,2,5.883296703296704,13.0,0.07142857142857142,1.098901098901099,0.11204717775905644,-0.2609627667189361,-0.14226742147296514,-0.06740917733746674,-0.5016033652186671,1.457682671770436,0.48543994102240096
python,oscillatory,python_oscillatory_008,3,5.6686371100164195,12.428571428571429,0.06321839080459771,1.1494252873563218,0.11168831168831168,-0.3845234043746839,-0.31127507398628995,-0.29505609999550786,-0.44359168857662346,1.4348609834588586,0.0004147165257533114
python,oscillatory,python_oscillatory_009,0,8.266089108910894,16.833333333333332,0.07425742574257425,1.4851485148514851,0.08952837729816147,1.110601133779721,0.9914922474705888,0.011027584132828741,-0.05811558475096316,0.025624622363262184,2.080630002995438
python,oscillatory,python_oscillatory_009,1,3.212277227722776,7.769230769230769,0.0297029702970297,0.0,0.08320493066255778,-1.798433627207832,-1.6893374714026312,-1.2243514090243246,-1.7633573321831213,-0.3765079277358599,-6.851987767553769
python,oscillatory,python_oscillatory_009,2,4.8614999999999995,8.85,0.07909604519774012,0.5649717514124294,0.10347682119205298,-0.8491212099757907,-1.3696854978509871,0.14518989789063666,-1.114658964986707,0.9126603856420052,-2.275615389280843
python,oscillatory,python_oscillatory_009,3,4.341949101796409,8.35,0.0718562874251497,0.5988023952095808,0.10869565217391304,-1.1481809412258648,-1.5175671938001465,-0.05554972687564059,-1.0758147513821315,1.244546132800103,-2.5525664804836805
python,anchored,python_anchored_000,0,4.671717171717173,11.0,0.07575757575757576,0.5050505050505051,0.08692120227457352,-0.9583624831953792,-0.7337942052696022,0.05262283642768255,-1.1834603069620844,-0.14017577118905417,-2.963169930188437
python,anchored,python_anchored_000,1,7.348935698447892,14.909090909090908,0.06097560975609756,0.6097560975609756,0.10726950354609929,0.5826766255236046,0.4223717812420063,-0.35724257642892426,-1.063237752952845,1.1538517982746794,0.7384198756585212
python,anchored,python_anchored_000,2,7.9181234567901235,16.2,0.05555555555555555,0.6172839506172839,0.10765124555160142,0.910307929076769,0.8041754326016539,-0.5075265611430134,-1.0545943013574095,1.1781282561937187,1.3304907553717187
python,anchored,python_anchored_000,3,7.885454545454547,16.09090909090909,0.0903954802259887,0.5649717514124294,0.09869494290375204,0.8915033117081321,0.7719103353036555,0.4584937982267884,-1.114658964986707,0.6085621586543585,1.6158106389062277
python,anchored,python_anchored_001,0,6.326205583756348,16.416666666666668,0.050761421319796954,0.5076142131979695,0.07420189818809318,-0.006019100532397737,0.8682575008462902,-0.6404554156426582,-1.1805166672401501,-0.9490457565833746,-1.9077794391522906
python,anchored,python_anchored_001,1,4.578390400936495,11.823529411764707,0.05970149253731343,1.9900497512437811,0.0923202614379085,-1.012082492312118,-0.4902243531180456,-0.39257052805947507,0.5216100507773825,0.20317138655613856,-1.1700959361561176
python,anchored,python_anchored_001,2,4.529127789046655,11.941176470588236,0.059113300492610835,1.9704433497536946,0.09061224489795919,-1.0404386428324843,-0.45542865995353765,-0.40887956132452885,0.49909805685658937,0.09455197590846348,-1.3110968313454983
python,anchored,python_anchored_001,3,4.2792352941176475,11.764705882352942,0.05,2.0,0.09488448844884488,-1.1842797614471896,-0.5076221997002995,-0.6615676454749546,0.533034887692185,0.3662405490497431,-1.4541941698805159
python,anchored,python_anchored_002,0,6.887860962566844,15.454545454545455,0.07058823529411765,1.7647058823529411,0.07854406130268199,0.3172764749790618,0.5836972677319986,-0.09070950942128972,0.2628710971186195,-0.6729107266165656,0.40022460379182456
python,anchored,python_anchored_002,1,4.587112166440523,9.136363636363637,0.06965174129353234,1.9900497512437811,0.09112333071484682,-1.0070621394329693,-1.2849896174437412,-0.116676048658983,0.5216100507773825,0.12705390953866588,-1.760063845219645
python,anchored,python_anchored_002,2,4.490897685485617,8.73913043478261,0.07960199004975124,1.9900497512437811,0.09112333071484682,-1.062444349176478,-1.4024766565179743,0.1592184307415089,0.5216100507773825,0.12705390953866588,-1.6570386146368952
python,anchored,python_anchored_002,3,4.639423942394242,9.181818181818182,0.08415841584158416,1.9801980198019802,0.08814352574102964,-0.9769508534896183,-1.2715458269029087,0.2855562492788631,0.5102983310597562,-0.06244347092033017,-1.515085570974238
python,anchored,python_anchored_003,0,5.64426116838488,10.777777777777779,0.08762886597938144,2.0618556701030926,0.09392712550607288,-0.39855448887189365,-0.7995194034692283,0.381782791701184,0.6040573274821427,0.30535811835448495,0.0931243451966896
python,anchored,python_anchored_003,1,4.675775577557758,11.222222222222221,0.04455445544554455,0.9900990099009901,0.09392712550607288,-0.9560264160955328,-0.6680690070699761,-0.8125584113052735,-0.6265295005616826,0.30535811835448495,-2.75782521667798
python,anchored,python_anchored_003,2,4.55894389438944,11.222222222222221,0.04455445544554455,0.9900990099009901,0.09274193548387097,-1.0232761348249566,-0.6680690070699761,-0.8125584113052735,-0.6265295005616826,0.229987278139497,-2.9004457756223916
python,anchored,python_anchored_003,3,4.680934959349596,11.38888888888889,0.05365853658536585,0.975609756097561,0.0889423076923077,-0.9530566140272108,-0.618775108420256,-0.5601259557929446,-0.6431660054146792,-0.011645821861031871,-2.7867695055161223
python,anchored,python_anchored_004,0,7.353080808080808,16.5,0.07575757575757576,1.0101010101010102,0.09427880741337631,0.5850626003667008,0.8929044501711497,0.05262283642768255,-0.6035632817410473,0.32772293778877615,1.2547495430132618
python,anchored,python_anchored_004,1,7.397714285714287,16.8,0.07738095238095238,2.380952380952381,0.0798076923076923,0.6107541656627611,0.9816334677406454,0.09763484158961348,0.9704429295731957,-0.5925515194133246,2.0679138851528913
python,anchored,python_anchored_004,2,7.743126436781612,17.4,0.08045977011494253,2.2988505747126435,0.07771535580524344,0.8095775445191398,1.159091502879636,0.1830024375863789,0.8761739550298743,-0.72561133028574,2.302234109729289
python,anchored,python_anchored_004,3,7.269639053254441,16.9,0.07692307692307693,2.366863905325444,0.07996146435452794,0.5370325250464777,1.0112098069304767,0.08493914782599199,0.9542665966633951,-0.582772557260025,2.0046755192063164
python,anchored,python_anchored_005,0,7.299465954606145,15.285714285714286,0.0794392523364486,2.336448598130841,0.07077625570776255,0.5542012473662835,0.5337631885803346,0.15470613785411758,0.9193438592599935,-1.1668956770028776,0.9951187560578516
python,anchored,python_anchored_005,1,5.751627906976747,14.333333333333334,0.06046511627906977,1.8604651162790697,0.07710280373831775,-0.3367529058133294,0.2520837677247931,-0.37139723080315823,0.3728214770032101,-0.7645658971440082,-0.8478107890324926
python,anchored,python_anchored_005,2,6.115829493087556,15.5,0.059907834101382486,1.8433179723502304,0.07542768273716952,-0.1271141026859621,0.5971410582728311,-0.3868492139705248,0.35313319304757573,-0.8710933526179842,-0.4347824179540642
python,anchored,python_anchored_005,3,6.2245852534562225,15.5,0.06912442396313365,1.8433179723502304,0.07473035439137134,-0.06451298202539153,0.5971410582728311,-0.13129718466407808,0.35313319304757573,-0.9154391725658191,-0.1609750879348819
python,anchored,python_anchored_006,0,7.8394230769230795,16.0,0.09134615384615384,0.9615384615384616,0.07580398162327719,0.8650070460762855,0.7450227542219904,0.4848535013800703,-0.659322611089224,-0.8471630438180443,0.5883976467710778
python,anchored,python_anchored_006,1,9.071405797101452,20.7,0.08695652173913043,0.4830917874396135,0.05622489959839357,1.5741510827340846,2.1351106961440873,0.363140437254916,-1.2086732211021294,-2.092272971517255,0.7714560235137031
python,anchored,python_anchored_006,2,9.15882556131261,21.444444444444443,0.08290155440414508,0.5181347150259067,0.059625212947189095,1.6244709479894988,2.3552901101128354,0.2507067555168017,-1.1684370679667209,-1.8760338290236163,1.1859969166287991
python,anchored,python_anchored_006,3,9.34224525043178,21.444444444444443,0.08808290155440414,0.5181347150259067,0.05952380952380952,1.7300495219533074,2.3552901101128354,0.3943720155155032,-1.1684370679667209,-1.882482466860269,1.428792112754656
python,anchored,python_anchored_007,0,6.702081280788178,16.916666666666668,0.07881773399014778,1.477832512315271,0.09862570735650768,0.2103394609222009,1.0161391967954494,0.13747305305477067,-0.06651579040333834,0.6041592010941378,1.9015951214632203
python,anchored,python_anchored_007,1,5.1927674084709246,14.214285714285714,0.06532663316582915,1.5075376884422111,0.10678807947019868,-0.6584397146848279,0.21687384011784996,-0.23660003091095555,-0.032408422729372714,1.1232361700457643,0.4126618418384581
python,anchored,python_anchored_007,2,5.7257575757575765,15.23076923076923,0.0707070707070707,1.5151515151515151,0.10790774299835255,-0.35164417888879973,0.5175124527617452,-0.08741451296499154,-0.02366625652001047,1.1944399258099674,1.2492274301979107
python,anchored,python_anchored_007,3,5.879800995024876,15.461538461538462,0.07960199004975124,1.492537313432836,0.10347615198059822,-0.2629749383462323,0.585765543199819,0.1592184307415089,-0.04963179496274334,0.9126178278844455,1.3449950685167977
python,anchored,python_anchored_008,0,4.856187483634461,10.578947368421053,0.06965174129353234,2.985074626865672,0.09950657894736842,-0.8521791581422417,-0.8583261597531046,-0.116676048658983,1.6640937422576345,0.6601772494078929,0.49708962511119814
python,anchored,python_anchored_008,1,4.775432692307692,12.1875,0.05128205128205128,1.0256410256410255,0.10205761316872428,-0.89866258503043,-0.38257517739034896,-0.6260197029368144,-0.585720296349631,0.8224074311331511,-1.6705703305740731
python,anchored,python_anchored_008,2,4.949608160621764,12.0625,0.05181347150259067,1.0362694300518134,0.1030008110300081,-0.7984050954861607,-0.41954560137763874,-0.6112848044754092,-0.5735168037503202,0.8823890492384636,-1.5203632558510651
python,anchored,python_anchored_008,3,4.946250000000003,12.0,0.057291666666666664,1.0416666666666667,0.10431947840260798,-0.800338093035604,-0.4380308133712837,-0.45938872228928174,-0.5673197176647324,0.9662482329770282,-1.2988291133838739
python,anchored,python_anchored_009,0,7.015294117647059,15.692307692307692,0.06862745098039216,1.9607843137254901,0.08557844690966719,0.3906285281511543,0.6540186336378923,-0.14507695095021,0.4880075892632573,-0.22556680398576082,1.162010996116333
python,anchored,python_anchored_009,1,5.683912579957358,14.357142857142858,0.04477611940298507,1.492537313432836,0.07525083612040134,-0.3757306605818216,0.25912575324618153,-0.8064122471602131,-0.04963179496274334,-0.882339716361607,-1.8549886658202035
python,anchored,python_anchored_009,2,6.800188679245284,16.307692307692307,0.05188679245283019,1.4150943396226414,0.07097791798107256,0.26681125669365,0.8360268748060881,-0.6092518055131633,-0.1385515162336122,-1.1540711892040338,-0.7990363794510713
python,anchored,python_anchored_009,3,6.7549295774647895,16.384615384615383,0.056338028169014086,1.408450704225352,0.07053291536050156,0.24075957463151898,0.8587779049521125,-0.4858306337723174,-0.146179712552624,-1.1823706355223507,-0.7148435022636606
